Visual Basic,HCL,Makefile,FreeMarker,Java,repos,Rust,GCC Machine Description,Lua,CMake,stars,Puppet,Haskell,C#,Assembly,Swift,Scala,Smali,Vue,PHP,HTML,Shell,Dockerfile,Emacs Lisp,login,CoffeeScript,Scheme,Apex,Perl,PigLatin,OCaml,followers,Mathematica,Batchfile,Groovy,C,Objective-C,Prolog,Kotlin,Python,TypeScript,PowerShell,Verilog,PLpgSQL,ASP,TeX,Elixir,Ruby,Jupyter Notebook,Eiffel,Arduino,contributions,Vim script,Gherkin,Vala,C++,MATLAB,ActionScript,Processing,MQL4,R,XSLT,Yacc,NewLisp,PLSQL,JavaScript,Crystal,CSS,GDScript,Julia,AutoHotkey,Go,following,Dart,PostScript,Matlab,ColdFusion,AGS Script,VHDL,Clojure
,,,,3,4,,,,,0,,,,,,,,,,,,,,egriesi,,,,,,,0,,,,,,,,,,,,,,,,,,,,,,,,,,,,,,,,,,,,1,,,,,0,,,,,,,
,,,,1,1,,,,,0,,,,,,,,,,,,,,ChantelBoor,,,,,,,2,,,,,,,,,,,,,,,,,,,,,,,,,,,,,,,,,,,,,,,,,0,,,,,,,
,,,,,2,,,,,0,,,,,,,,,,,,,,diteNW,,,,,,,0,,,,,,,,,,,,,,,,,,,,,,,,,,,,,,,,,,1,,,,,,,0,,,,,,,
,,,,4,18,,,,,13,,,,,,,,,,3,,,,SebasPelaez,,,,,,,31,,,,,,,,1,,,,,,,,,5,,,,,,,,,,,,1,,,,,4,,,,,,,15,,,,,,,
,,,,,5,,,,,0,,,,,,,,,,,,,,floydawg,,,,,,,0,,,,,,,,3,,,,,,,,,,,,,,,,,,,,,,,,,,,,,,,,,0,,,,,,,
,,,,,13,,,,,0,,,,,,,,,,4,,,,CRISLIVASI,,,,,,,0,,,,,,,,,,,,,,,,,,,,,,,,,,,,,,,,,,,,5,,,,,0,,,,,,,
,,,,,1,,,,,0,,,,,,,,,,,,,,jeernest,,,,,,,0,,,,,,,,,,,,,,,,1,,,,,,,,,,,,,,,,,,,,,,,,,0,,,,,,,
,,,,,5,,,,,0,,,1,,,,,,,,,,,nikolaypoh,,,,,,,6,,,,,,,,,,,,,,,,,,,,,,,,,,,,,,,,,,3,,,,,,1,3,,,,,,,
,,,,,4,,,,,0,,,,,,,,,,,,,,il1b,,,,,,,0,,,,,,,,,,,,,,,,,,,,,,,,,,,,,,,,,,,,,,,,,0,,,,,,,
,,,,,10,,,,,1,,,,,,,,,3,,,,,facemdur,,,,,,,0,,,,,,,,,,,,,,,,,,,,,,,,,,,,,,,,,,2,,,,,,,2,,,,,,,
,,,,,1,,,,,0,,,,,,,,,,,,,,Chan9001,,,,,,,0,,,,,,,,,,,,,,,,,,,,,,,,,,,,,,,,,,,,,,,,,0,,,,,,,
,,,,,7,,,,,0,,,2,,,,,,,1,,,,DominykG,,,,,,,0,,,,,,,,,,,,,,,,,,,,,,,,2,,,,,,,,,,,,,,,,,2,,,,,,,
,,,,,1,,,,,0,,,,,,,,,,,,,,jlodewyck,,,,,,,0,,,,,,,,1,,,,,,,,,,,,,,,,,,,,,,,,,,,,,,,,,0,,,,,,,
,,,,,14,,,,,1,,,,,,1,,,,1,1,,,SKutukov,,,,,,,2,,,,1,,,,4,,,,,,,,,,,,,,,,6,,,,,,,,,,,,,,,,,2,,,,,,,
,,,,,2,2,,,,0,,,,,,,,,,,,,,mrbus,,,,,,,0,,,,,,,,,,,,,,,,,,,,,,,,,,,,,,,,,,,,,,,,,1,,,,,,,
,,,,,1,,,,,0,,,,,,,,,,,,,,Shattered3trnl,,,,,,,0,,,,,,,,,,,,,,,,,,,,,,,,,,,,,,,,,,,,,,,,,0,,,,,,,
,,,,6,6,,,,,1,,,,,,,,,,,,,,deepankar-sharma-01,,,,,,,0,,,,,,,,,,,,,,,,,,,,,,,,,,,,,,,,,,,,,,,,,0,,,,,,,
1,,,,,38,,,,,29,,,,,,,,,,,3,,,vinamarora8,,2,,,,,47,,,,5,,,,6,,,7,,,,,,,,1,,,,,6,,,,,,,,1,,,,,,,,,18,,,1,,,,
,,,,1,11,,,,,1,,,,,,,,,,1,,,,matheusmeira,,,,,,,14,,,,2,,,,,,,,,,1,,,,,,,,,,,,,,,,,,,,2,,1,,,,,14,,,,,1,,
,,,,,1,,,,,0,,,,,,,,,,,,,,chambito,,,,,,,0,,,,,,,,,,,,,,,,,,,,,,,,,,,,,,,,,,1,,,,,,,0,,,,,,,
,,,,,1,,,,,0,,,,,,,,,,,,,,astralboy1994,,,,,,,0,,,,,,,,1,,,,,,,,,,,,,,,,,,,,,,,,,,,,,,,,,0,,,,,,,
,,,,,1,,,,,0,,,,,,,,,,,,,,jacksgituk,,,,,,,3,,,,,,,,,,,,,,,,,,,,,,,,,,,,,,,,,,1,,,,,,,9,,,,,,,
,,,,,1,,,,,0,,,,,,,,,,,,,,mxdot,,,,,,,1,,,,,,,,,,,,,,,,,,,,,,,,1,,,,,,,,,,,,,,,,,0,,,,,,,
,,,,,12,,,,,0,,,,,,,,,,5,,,,balboawendy,,,,,,,0,,,,,,,,,,,,,,,,,,,,,,,,,,,,,,,,,,1,,2,,,,,0,,,,,,,
,,,,,1,,,,,0,,,,,,,,,,1,,,,GATMAR,,,,,,,0,,,,,,,,,,,,,,,,,,,,,,,,,,,,,,,,,,,,,,,,,0,,,,,,,
,,,,1,3,,,,,0,,,1,,,,,,,1,,,,SelvaDheepak,,,,,,,0,,,,,,,,,,,,,,,,,,,,,,,,,,,,,,,,,,,,,,,,,0,,,,,,,
1,,,,,11,,,,,1,,,1,,,,,,,1,,,,OthnielDona,,,,,,,1,,,,,,,,3,,,,,,,,,1,,,,,,,,,,,,,,,,,,,,,,,,0,,,,,,,
,,,,,1,,,,,0,,,,,,,,,,,,,,antoniovelasquez8,,,,,,,0,,,,,,,,,,,,,,,,,,,,,,,,,,,,,,,,,,,,,,,,,0,,,,,,,
,,,,,2,,,,,0,,,,,,,,,,,,,,philofred,,,,,,,0,,,,,,,,,,,,,,,,,,,,,,,,,,,,,,,,,,,,,,,,,0,,,,,,,
,,,,,1,,,,,0,,,,,,,,,,,,,,colibri-pro,,,,,,,0,,,,,,,,,,,,,,,,,,,,,,,,,,,,,,,,,,,,,,,,,0,,,,,,,
,,,,,2,,,,,0,,,,,,,,,,1,,,,deltronicsperu,,,,,,,0,,,,,,,,,,,,,,,,,,,,,,,,,,1,,,,,,,,,,,,,,,0,,,,,,,
,,,,4,8,,,,,1,,,,,,,,,,,,,,JWhitney406,,,,,,,1,,,,,,,,2,,,,,,,,,,,,,,,,,,,,,,,,,,1,,,,,,,0,,,,,,,
,,,,,2,,,,,0,,,,,,,,,,,,,,shajisreedharan,,,,,,,0,,,,,,,,,,,,,,,,,,,,,,,,,,,,,,,,,,,,,,,,,0,,,,,,,
,,,,,1,,,,,1,,,,,,,,,,,,,,ljmumakersoc,,,,,,,0,,,,,,,,,,,,,,,,,,,,,,,,,,,,,,,,,,,,,,,,,0,,,,,,,
,,,,,1,,,,,0,,,,,,,,,,,,,,MCansoy,,,,,,,0,,,,,,,,,,,,,,,,,,,,,,,,,,,,,,,,,,,,,,,,,0,,,,,,,
,,,,,5,,,,,0,,,,,1,,,,,1,,,,leomancillasmtz,,,,,,,0,,,,,,,,,,,,,,,,,,,,,,,,,,,,,,,,,,1,,,,,,,2,,,,,,,
,,,,1,8,,,,,1,,,,,,,,,,3,,,,gerardoemr,,,,,,,0,,,,,,,,,1,,,,,,,,,,,,,,,,,,,,,,,,,1,,,,,,,1,,,,,,,
,,,,,1,,,,,0,,,,,,,,,,,,,,gsraja,,,,,,,0,,,,,,,,,,,,,,,,,,,,,,,,,,,,,,,,,,,,,,,,,0,,,,,,,
,,,,,1,,,,,0,,,,,,,,,1,,,,,manishshrd,,,,,,,0,,,,,,,,,,,,,,,,,,,,,,,,,,,,,,,,,,,,,,,,,0,,,,,,,
,,,,,3,,,,,0,,,,,,,,,,,,,,GF-Cris,,,,,,,0,,,,,,,,,,,,,,,,,,,,,,,,,,,,,1,,,,,,,,,,,,0,,,,,,,
,,,,2,2,,,,,0,,,,,,,,,,,,,,mcjowan,,,,,,,0,,,,,,,,,,,,,,,,,,,,,,,,,,,,,,,,,,,,,,,,,1,,,,,,,
,,,,,1,,,,,0,,,,,,,,,,,,,,DaSmoo,,,,,,,0,,,,,,,,,,,,,,,,,,,,,,,,,,,,,,,,,,,,,,,,,0,,,,,,,
,,,,,2,,,,,0,,,,,,,,,,,,,,temmmi,,,,,,,0,,,,,,,,,,,,,,,,,,,,,,,,,,,,,,,,,,,,,,,,,0,,,,,,,
,,,,,2,,,,,0,,,,,,,,,,1,,,,Starlordx,,,,,,,0,,,,,,,,,,,,,,,,,,,,,,,,,,,,,,,,,,,,,,,,,0,,,,,,,
,,,,,7,,,,,0,,,,,,,,,1,,,,,webbimasa,,,,,,,1,,,,,,,,,,,,,,,,,,,,,,,,,,,,,,,,,,4,,1,,,,,0,,,,,,,
,,,,,6,,,,,0,,,,,,2,,,,1,,,,Ezio2,,,,,,,0,,,,,,,,2,,,,,,,,,,,,,,,,1,,,,,,,,,,,,,,,,,1,,,,,,,
,,,,,1,,,,,0,,,,,,,,,,,,,,ursaaoi,,,,,,,0,,,,,,,,,,,,,,,,,,,,,,,,,,,,,,,,,,,,,,,,,0,,,,,,,
,,,,3,36,,,,,11,,,,1,,,,,1,1,,,,saisrivathsa,,,,,,,32,,,,1,,,,8,,,2,,,1,,,4,,,,,,,,,,,,,,,,,3,,2,,,,,48,,,2,,,,
,,,,,1,,,,,0,,,,,,,,,,,,,,katytaly,,,,,,,0,,,,,,,,,,,,,,,,,,,,,,,,,,,,,,,,,,,,,,,,,0,,,,,,,
,,,,,15,,,,,0,,,,,,,,,,,1,,,jaehyunbae,,,,,,,0,,,,3,1,,,2,,,,,,,,,,,,,,,,,,,,,,,,,,,,1,,,,1,0,,,,,,,
,,,,3,6,,,,,0,,,,,,,,,,,,,,willweinstein,,,,,,,3,,,,,,,,,,,,,,,,,,,,,,,,,,,,,,,,,,2,,,,,,1,2,,,,,,,
,,,,,1,,,,,0,,,,,,,,,,,,,,Goblinat0r,,,,,,,0,,,,,,,,,,,,,,,,,,,,,,,,,,,,,,,,,,,,,,,,,0,,,,,,,
,,,,,1,,,,,0,,,,,,,,,,,,,,dlensing,,,,,,,0,,,,,,,,,,,,,,,,,,,,,,,,,,,,,,,,,,,,,,,,,0,,,,,,,
,,,,,8,,,,,0,,,,,,,,,,,,,,ruif,,,,,,,4,,,,,,,,1,,,,,,,,,,,,,,,,,,,,,,,,,,4,,,,,,,12,,,,,,,
,,,,,13,,,,,6,,,,,,,,,,,,,,samuelefiorini,,,,,,,4,,,,,,,,10,,,,,,,,,3,,,,,,,,,,,,,,,,,,,,,,,,2,,,,,,,
,,,,,2,,,,,0,,,,,,,,,,,,,,Konstup,,,,,,,0,,,,,,,,,,,,,,,,,,,,,,,,,,,,,,,,,,,,1,,,,,0,,,,,,,
,,,,,5,,,,,0,,,,,,,,,,,,,,jaredjc51,,,,,,,1,,,,,,,,3,,,,,,,,,1,,,,,,1,,,,,,,,,,,,,,,,,,1,,,,,,,
,,,,1,2,,,,,0,,,,,,,,,,,,,,kjeka91,,,,,,,0,,,,,,,,1,,,,,,,,,,,,,,,,,,,,,,,,,,,,,,,,,0,,,,,,,
,,,,,5,,,,,0,,,,,,,,,,,,,,jaredjc51,,,,,,,1,,,,,,,,3,,,,,,,,,1,,,,,,1,,,,,,,,,,,,,,,,,,1,,,,,,,
,,,,1,2,,,,,0,,,,,,,,,,,,,,kjeka91,,,,,,,0,,,,,,,,1,,,,,,,,,,,,,,,,,,,,,,,,,,,,,,,,,0,,,,,,,
,,,,,1,,,,,0,,,,,,,,,,,,,,FluidKyle,,,,,,,3,,,,,,,,,,,,,,,,,,,,,,,,,,,,,,,,,,1,,,,,,,1,,,,,,,
,,,,,1,,,,,0,,,,,,,,,,1,,,,VPBVPB,,,,,,,0,,,,,,,,,,,,,,,,,,,,,,,,,,,,,,,,,,,,,,,,,0,,,,,,,
,,,,,6,,,,,7,,,,,,,,,,,,,,bozso,,,,,,,10,,,,,,,,1,,,,,,1,,,2,,,,,,,,1,,,,,,,,,,,,,,,,39,,,1,,,,
,,,,3,8,,,,,1,,,,,,,,,,,,,,amruth94bruce,,,,,,,0,,,,1,,,,1,,,,,,,,,,,,,,,,,,,,,2,,,,,1,,,,,,,0,,,,,,,
,,,,,2,,,,,0,,,,,,,,,1,,,,,CarlosGiordano,,,,,,,0,,,,,,,,,,,,,,,,,,,,,,,,,,,,,,,,,,,,,,,,,1,,,,,,,
,,,,7,7,,,,,0,,,,,,,,,,,,,,Katrock,,,,,,,0,,,,,,,,,,,,,,,,,,,,,,,,,,,,,,,,,,,,,,,,,0,,,,,,,
,,,,,5,,,,,0,,,,,,,,,,1,,,,yasoshima,,,,,,,0,,,,,,,,,,,,,,,,,,,,,,,,,,,,,,,,,,1,,,,,,,0,,,,,,,
,,,,,4,,,,,1,,,,,,,,,,1,,,,rz96,,,,,,1,2,,,,,,,,2,,,,,,,,,,,,,,,,,,,,,,,,,,,,,,,,,0,,,,,,,
,,,,,1,,,,,2,,,,,,,,,,,,,,Indyresjoel,,,,,,,9,,,,,,,,,,,,,,,,,,,,,,,,,,,,,,,,,,,,,,,,,7,,,,,,,
,,,,,1,,,,,0,,,,,,,,,,,,,,dmendezmiguez,,,,,,,0,,,,,,,,,,,,,,,,,,,,,,,,,,,,,,,,,,,,,,,,,0,,,,,,,
,,,,17,22,,,,,0,,,,,,,,,,1,,,,Xannosz,,,,,,,1,,,,,,,,,,,,,,,,,,,,,,,,,,,,,,,,,,,,1,,,,,0,,,,,,,
,,,,,2,,,,,0,,,,,,,,,,,,,,kaitlintest113,,,,,,,0,,,,,,,,,,,,,,,,,,,,,,,,,,,,,,,,,,,,,,,,,0,,,,,,,
,,,,,4,,,,,0,,,,,,,,,,,,,,alanansilva,,,,,,,0,,,,,,,,,,,,,,,,,,,,,,,,,,,,,,,,,,2,,,,,,,0,,,,,,,
,,,,1,22,,,,,0,,,,,,,,,,,3,,,Wowip,,,,,,,6,,,,,,,,7,,,,,,2,,,,,,,,,,,,,,,2,,,,,1,,,,,,1,8,,,,,,,
,,,,2,6,,,,,0,,,,,,,,,,,,,,jazztong,,,,,,,1,,,,,,,,,,,,,,,,,,,,,,,,,,,,,,,,,,1,,,,,,3,1,,,,,,,
,,,,1,3,,,,,0,,,,,,,,,,1,,,,akhilkd,,,,,,,2,,,,,,,,,,,,,,,,,,,,,,,,,,,,,,,,,,,,1,,,,,2,,,,,,,
,,,,,1,,,,,0,,,,,,,,,,,,,,Aranudk,,,,,,,0,,,,,,,,,,,,,,,,,,,,,,,,,,,,,,,,,,,,,,,,,0,,,,,,,
,,,,,2,,,,,0,,,,,,,,,,1,,,,spikey979,,,,,,,0,,,,,,,,,,,,,,,,,,,,,,,,,,,,,,,,,,,,,,,,1,0,,,,,,,
,,,,,1,,,,,0,,,,,,,,,,,1,,,shaman19,,,,,,,0,,,,,,,,,,,,,,,,,,,,,,,,,,,,,,,,,,,,,,,,,0,,,,,,,
,,,,,1,,,,,0,,,,,,,,,1,,,,,charlymx515,,,,,,,0,,,,,,,,,,,,,,,,,,,,,,,,,,,,,,,,,,,,,,,,,0,,,,,,,
,,,,,1,,,,,0,,,,,,,,,,,,,,NonIdentifie,,,,,,,0,,,,,,,,,,,,,,,,,,,,,,,,,,,,,,,,,,,,,,,,,0,,,,,,,
,,,,,4,,,,,0,,,,,,,,,,,,,,steveo3221,,,,,,,0,,,,,,,,3,,,,,,1,,,,,,,,,,,,,,,,,,,,,,,,,,,0,,,,,,,
,,,,,12,,,,,6,,,,,,,,3,,2,,,,geocollections,,,,,,,0,,,,,,,,1,1,,,,,,,,,,,,,,,,,,,,,,,,,4,,,,,,,0,,,,,,,
,,,,,7,,,,,18,,,,,,,,,6,,,,,Jobinja,,,,,,,0,,,,,,,,1,,,,,,,,,,,,,,,,,,,,,,,,,,,,,,,,,0,,,,,,,
,,,,,8,,,,,0,,,7,,,,,,,,,,,kcdodaro,,,,,,,0,,,,,,,,,,,,,,,,,,,,,,,,1,,,,,,,,,,,,,,,,,0,,,,,,,
,,,,,8,,,,,4,,,,,,,,,,,1,,,epiSurg,,,,,,,10,,,,,,,,1,,,,,,,,,,,,,,,,,,,,,,,,,,,,,,,,,0,,1,4,,,,
,,,,,3,,,,,0,,,,,,,,,,,,,,regupathit,,,,,,,0,,,,,,,,,,,,,,,,,,,,,,,,,,,,,,1,,,,1,,,,,,,0,,,,,,,
,,,,1,4,,,,,0,,,2,,,,,,,,,,,JBraze,,,,,,,0,,,,,,,,,,,,,,,,,,,,,,,,1,,,,,,,,,,,,,,,,,1,,,,,,,
,,,,,1,,,,,0,,,,,,,,,,,,,,nandinilashkar,,,,,,,0,,,,,,,,,,,,,,,,,,,,,,,,,,,,,,,,,,,,,,,,,0,,,,,,,
,,,,,2,,,,,0,,,,,,,,,,,,,,ctrlshft,,,,,,,3,,,,,,,,,,,,,,,,1,,,,,,,,,,,,,,,,,,1,,,,,,,1,,,,,,,
,,,,,1,,,,,0,,,,,,,,,,,,,,justcejai,,,,,,,0,,,,,,,,,,,,,,,,,,,,,,,,,,,,,,,,,,1,,,,,,,0,,,,,,,
,,,,,5,,,,,0,,,,,,,,,,,,,,ipadwo,,,,,,,0,,,,,1,,,,,,,,,,,,,,,,,,,,,,,,,,,,,,,,,,,,0,,,,,,,
,,,,,16,,,,,4,,,,,,,,2,2,,,,,AndreKelling,,,,,,,0,,,,,,,,,,,,,,,,,,,,,,,,,,,,,,,,,,10,,2,,,,,0,,,,,,,
,,,,,1,,,,,0,,,,,,,,,,,,,,vldmsn,,,,,,,0,,,,,,,,,,,,,,,,,,,,,,,,,,,,,,,,,,,,,,,,,0,,,,,,,
,,1,,4,7,,,,,0,,,,,,,,,,,,,,Omniherna,,,,,,,0,,,,1,,,,,,,,,,,,,,,,,,,,,,,,,,,,,,,,,,,,,0,,,,,,,
,,,,,1,,,,,0,,,,,,,,,,1,,,,CFTindia,,,,,,,0,,,,,,,,,,,,,,,,,,,,,,,,,,,,,,,,,,,,,,,,,0,,,,,,,
,,,,,1,,,,,0,,,,,,,,,,,,,,mightyjakethedog,,,,,,,0,,,,,,,,,,,,,,,,,,,,,,,,,,,,,,,,,,,,,,,,,0,,,,,,,
,,,,,1,,,,,0,,,,,,,,,,,,,,mightyjakethedog,,,,,,,0,,,,,,,,,,,,,,,,,,,,,,,,,,,,,,,,,,,,,,,,,0,,,,,,,
,,,,1,5,,,,,0,,,3,,,,,,,,,,,lucasrmunoz,,,,,,,3,,,,,,,,,,,,,,,,,,,,,,,,,,,,,,,,,,1,,,,,,,4,,,,,,,
,,,,,3,,,,,0,,,,,,,,,1,1,,,,vijayattri,,,,,,,0,,,,,,,,,,,,,,,,,,,,,,,,,,,,,,,,,,,,,,,,,0,,,,,,,
,,,,,1,,,,,0,,,,,,,,,,,,,,clintondmello,,,,,,,1,,,,,,,,,,,,,,,,,,,,,,,,,,,,,,,,,,,,,,,,,0,,,,,,,
,,,,,1,,,,,0,,,,,,,,,,,,,,AvivAbachi,,,,,,,0,,,,,,,,,,,,,,,,,,,,,,,,,,,,,,,,,,,,,,,,,1,,,,,,,
,,,,,1,,,,,0,,,,,,,,,,,,,,nmilkov,,,,,,,0,,,,,,,,,,,,,,,,,,,,,,,,,,,,,,,,,,1,,,,,,,0,,,,,,,
,,,,,5,,,,,0,,,,,,,,,,2,,,,jim-raney-physiq,,,,,,,1,,,,,,,,1,,,,,,,,2,,,,,,,,,,,,,,,,,,,,,,,,,1,,,,,,,
,,,,,2,,,,,0,,,,,,,,,,2,,,,ruilfernandes,,,,,,,0,,,,,,,,,,,,,,,,,,,,,,,,,,,,,,,,,,,,,,,,,0,,,,,,,
,,,,,2,,,,,0,,,,,,,,,,,,,,KitaevAlexey,,,,,,,1,,,,,,,,,,,,,,,,,,,,,,1,,,,,,,,,,,,,,,,,,,1,,,,,,,
,,,,,11,,1,,,0,,,,,,,,,,2,1,,,rasheidAtlas,,,,,,,8,,,,,,,,,,,,,,,,,,,,,,,,,,,,,,,,,,2,,1,,,,,17,,,,,,,
,,,,1,12,,,,,0,,,,,,,,,2,5,,,,ashraful-karim,,,,,,,0,,,,,,,,,,,,,,,,,,,,,,,,,,,,,,,,,,2,,,,,,,0,,,,,,,
,,,,1,2,,,,,0,,,,,,,,,,,,,,ssanjayan,,,,,,,0,,,,,,,,,,,,,,,,,,,,,,,,,,,,,,,,,,,,,,,,,0,,,,,,,
,,,,,1,,,,,0,,,,,,,,,,,,,,MangoJango31,,,,,,,1,,,,,,,,,,,,,,,,,,,,,,,,,,,,,,,,,,,,,,,,,3,,,,,,,
,,,,,1,,,,,0,,,,,,,,,,,,,,akarmhus,,,,,,,1,,,,,,,,,,,,,,,,,,,,,,,,,,,,,1,,,,,,,,,,,,1,,,,,,,
,,,,,3,,,,,0,,,,,,,,,,,,,,kvaranovich,,,,,,,0,,,,,,,,,,,,,,,,,,,,,,,,,,,,,2,,,,,,,,,1,,,0,,,,,,,
,,,,,1,,,,,0,,,,,,,,,,,,,,Argente,,,,,,,0,,,,,,,,,,,,,,,,,,,,,,,,,,,,,,,,,,,,,,,,,0,,,,,,,
,,,,2,4,,,,,0,,,,,,,,,,,,,,tabithadon,,,,,,,0,,,,,,,,,,,,,,,,,,,,,,,,,,,,,,,,,,,,,,,,,0,,,,,,,
,,,,,10,,,,,7,,,5,,,,,,,,,,,ShinjiSakanami,,,,,,,0,,,,,,,,,,,,,,,,,,,,,,,,,,,,,,,,,,2,,,,,,,2,,,,,,,
,,,,,1,,,,,0,,,,,,,,,,,,,,lozenge,,,,,,,0,,,,,,,,,,,,,,,,,,,,,,,,,,,,,,,,,,,,,,,,,0,,,,,,,
,,,,,1,,,,,0,,,,,,,,,1,,,,,JackJWebster,,,,,,,1,,,,,,,,,,,,,,,,,,,,,,,,,,,,,,,,,,,,,,,,,1,,,,,,,
,,,,,2,,,,,0,,,,,,,,,,,,,,luongngocdu,,,,,,,0,,,,,,,,,,,,,,,,,,,,,,,,,,,,,,,,,,,,,,,,,0,,,,,,,
,,,,1,50,,,,,63,,,,,,,,,2,6,,,,Beor18,,,,,,,53,,,,,,,,3,6,,,,,,6,,,,,,,,,,,,,,,,,,,18,,6,,,,,12,,,,,,,
,,,,,5,,,,,1,,,,,,,,,,,,,,fofinho666,,,,,,,1,,,,1,,,,1,,,,,,,,,,,1,,,,,,,,1,,,,,,,,,,,,,,0,,,,,,,
,,,,1,1,,,,,1,,,,,,,,,,,,,,NoFutureCorporation,,,,,,,0,,,,,,,,,,,,,,,,,,,,,,,,,,,,,,,,,,,,,,,,,0,,,,,,,
,,,,,1,,,,,0,,,,,,,,,,,,,,IgorTeran,,,,,,,0,,,,,,,,,,,,,,,,,,,,,,,,,,,,,,,,,,1,,,,,,,0,,,,,,,
,,,,,12,,,,,0,,,,,,,,,1,2,,,,joekaburia,,,,,,,0,,,,,,,,,,,,,,,,,,,,,,,,,,,,,,,,,,1,,5,,,,,0,,,,,,,
,,,,,1,,,,,0,,,,,,,,,,,,,,liyuhan6688,,,,,,,0,,,,,,,,,,,,,,,,,,,,,,,,,,,,,,,,,,,,,,,,,0,,,,,,,
,,,,,2,,,,,0,,,,,,,,,,1,,,,500er,,,,,,,0,,,,,,,,,,,,,,,,,,,,,,,,,,,,,,,,,,,,,,,,,0,,,,,,,
,,,,2,8,,,,,4,,,,1,,,,,,1,,,,raulberari,,,,,,,5,,,,,,,,2,,,,,,,,,,,,,,,,1,,,,,,,,,,1,,,,,,,5,,,,,,,
,,,,,3,,,,,1,,,,,,,,,,,,,,facinginternet,,,,,,,0,,,,,,,,2,,,,,,,,,,,,,,,,,,,,,,,,,,,,,,,,,0,,,,,,,
,,,,,1,,,,,0,,,,,,,,,,,,,,Externalkyou,,,,,,,0,,,,,,,,,,,,,,,,,,,,,,,,,,,,,,,,,,,,,,,,,0,,,,,,,
,,,,,1,,,,,0,,,,,,,,,,,,,,MatthewMorino,,,,,,,0,,,,,,,,,,,,,,,,,,,,,,,,,,,,,,,,,,,,,,,,,0,,,,,,,
,,,,,1,,,,,0,,,,,,,,,,,,,,drshilva,,,,,,,0,,,,,,,,,,,,,,,,,,,,,,,,,,,,,,,,,,,,,,,,,0,,,,,,,
,,,,,1,,,,,0,,,,,,,,,,,,,,leondrefoto,,,,,,,0,,,,,,,,,,,,,,,,,,,,,,,,,,,,,,,,,,,,,,,,,0,,,,,,,
,,,,,46,,,,,0,,,,,,,,,,3,,,,BlackJack01,,,,,,,4,,,,1,,,,10,,,,,,1,,,18,,,,,,,3,,,,,,,,,,1,,,,,,,2,,,,,,,
,,,,,2,,,,,0,,,,,,,,,,,,,,Zanaso12,,,,,,,0,,,,,,,,,,1,,,,,,,,,,,,,,,,,,,,,,,,,,,,,,,1,,,,,,,
,,,,,25,,,,,0,,,,,,,,,,,,,,stephthi,,,,,,,8,,,,,,,,,,,,,,,,19,,,,,,,,,,,,,,,,,,2,,,,,,,0,,,,,,,
,,,,4,8,,,,,0,,,,,,,,,,,,,,HalasP,,,,,,,1,,,,,,,,,,,,,,1,,,,,,,,,,,,,,,,,,,,1,,,,,,,0,,,,,,,
,,,,,1,,,,,0,,,,,,,,,,,,,,mgabor6,,,,,,,0,,,,,,,,,,,,,,,,,,,,,,,,,,,,,,,,,,1,,,,,,,0,,,,,,,
,,,,,2,,,,,0,,,,,,,,,,,,,,StupidHe4d,,,,,,,2,,,,,,,,,,,,,,,,,,,,,,,,,,,,,,,,,,,,,,,,,0,,,,,,,
,,,,,1,,,,,0,,,,,,,,,,,,,,xlatency,,,,,,,0,,,,,,,,,,,,,,,,,,,,,,,,,,,,,,,,,,,,,,,,,1,,,,,,,
,,,,,3,,,,,0,,,,,,,,,,,1,,,ninamw,,,,,,,1,,,,,,,,1,,,,,,,,,,,,,,,,,,,,,,,,,,,,,,,,,3,,,,,,,
,,,,2,44,,,,,0,,,,,,,,,,,,,,fabgia,,,,,,,1,,,,,,,,2,,,,,,,,2,,,,,,,,,,,,,,,,,,7,,,,,,30,0,,,,,,,
,,,,,4,,,,,0,,,,,,,,,,,,,,SandhyaY,,,,,,,0,,,,,,,,,,,,,,,,,,,,,,,,,,,,,,,,,,,,,,,,,0,,,,,,,
,,,,1,14,,,,,5,,,,,,,,,,1,,,,MonicaRizzolli,,,,,,,32,,,,,,,,2,,,,,,,,,,,,,,,,,,,3,,,,,,,4,,2,,,,,28,,,,,,,
,,,,,1,,,,,0,,,,,,,,,,1,,,,l2ikimal2o,,,,,,,0,,,,,,,,,,,,,,,,,,,,,,,,,,,,,,,,,,,,,,,,,0,,,,,,,
,,,,,12,,,,,0,,,,,,,,,,1,,,,yessica9,,,,,,,0,,,,,,,,,,,,,,,,,,,,,,,,,,,,,,,,,,1,,2,,,,,0,,,,,,,
,,,,,1,,,,,0,,,,,,,,,,1,,,,kuro9638,,,,,,,0,,,,,,,,,,,,,,,,,,,,,,,,,,,,,,,,,,,,,,,,,0,,,,,,,
,,,,,3,,,,,0,,,,,,,,,,1,,,,EnriqueTF,,,,,,,0,,,,,,,,,,,,,,,,,,,,,,,,,,,,,,,,,,,,,,,,,0,,,,,,,
,,,,,3,,,,,0,,,,,,,,,,1,,,,EnriqueTF,,,,,,,0,,,,,,,,,,,,,,,,,,,,,,,,,,,,,,,,,,,,,,,,,0,,,,,,,
,,,,6,15,,,,,0,,,,,,,,,,1,,,,dadou666,,,,,,,0,,,,,,,,,,,,,,,,,,,,,,,,,,,,,,,,,,1,,,1,,,,0,,,,,,,
,,,,,8,,,,,0,,,,,,,,,,,,,,GeetKrishan,,,,,,,0,,,,,,,,,,,,,,,,,,,,,,,,,,,,,,,,,,1,,1,,,,,0,,,,,,,
,,,,,1,,,,,0,,,,,,,,,,,,,,bhaviksftpl,,,,,,,0,,,,,,,,,,,,,,,,,,,,,,,,,,,,,,,,,,,,,,,,,0,,,,,,,
,1,,,,9,,,,,1,,,,,,,,,,1,3,,,leeyj7141,,,,,,,0,,,,,,,,2,,,,,,,,1,,,,,,,,,,,,,,,,,,,,,,,,,1,,,,,,,
,,,,,1,,,,,0,,,,,,,,,,1,,,,uneoka,,,,,,,0,,,,,,,,,,,,,,,,,,,,,,,,,,,,,,,,,,,,,,,,,0,,,,,,,
,,,,,2,,,,,0,,,,,,,,,,,,,,blackblossom2,,,,,,,0,,,,,,,,,,,,,,,,,,,,,,,,,,,,,2,,,,,,,,,,,,0,,,,,,,
,,,,,1,,,,,1,,,,,,,,,,,,,,silvakatie,,,,,,,0,,,,,,,,,,,,,,,,,,,,,,,,,,,,,,,,,,,,,,,,,1,,,,,,,
,,,,,2,,,,,0,,,,,,,,,,,,,,bacquy,,,,,,,0,,,,,,,,1,,,,,,,,,,,,,,,,,,,,,,,,,,,,,,,,,0,,,,,,,
,,,,,5,,,,,0,,,,,,,,,,5,,,,renzo800000,,,,,,,0,,,,,,,,,,,,,,,,,,,,,,,,,,,,,,,,,,,,,,,,,0,,,,,,,
,,,,,3,,,,,0,,,,,,,,,,,,,,Maknez420,,,,,,,0,,,,,,,,,,,,,,,,,,,,,,,,,,,,,,,,,,,,,,,,,0,,,,,,,
,,,,1,1,,,,,0,,,,,,,,,,,,,,trotelvonnebenan,,,,,,,0,,,,,,,,,,,,,,,,,,,,,,,,,,,,,,,,,,,,,,,,,0,,,,,,,
,,,,2,6,,,,,0,,,,,,,,,1,,,,,BhavikShah66,,,,,,,0,,,,,,,,,,,,,,,,,,,,,,,,,,,,,,,,,,,,1,,,,,0,,,,,,,
,,,,,2,,,,,0,,,,,,,,,,,,,,MarcinOzurkiewicz,,,,,,,0,,,,,,,,,,,,,,,,,,,,,,,,,,,,,,,,,,,,,,,,,0,,,,,,,
,,,,,7,,,,,2,,,,,,,,,3,,,,,rbishal50,,,,,,,0,,,,,,,,,,,,,,,,,,,,,,,,,,,,,,,,,,4,,,,,,,0,,,,,,,
,,,,4,14,,,,,0,,,,,,,,,1,,,,,haidernurain,,,,,,,2,,,,,,,,,,,,,,,,,2,,,,,,,,,,,,,,,,,,,,,,,,1,,,,,,,
,,,,1,2,,,,,0,,,,,,,,,,,,,,tinatst,,,,,,,0,,,,,,,,1,,,,,,,,,,,,,,,,,,,,,,,,,,,,,,,,,0,,,,,,,
,,,,,3,,,,,0,,,,,,,,,,,,,,ecosta13,,,,,,,0,,,,,,,,,,,,,,,,,,,,,,,,,,,,,,,,,,3,,,,,,,0,,,,,,,
,,,,,2,,,,,0,,,,,,,,,,,,,,atracher,,,,,,,0,,,,,,,,,,,,,,,,,,,,,,,,,,,,,1,,,,,,,,,,,,0,,,,,,,
,,,1,,1,,,,,0,,,,,,,,,,,,,,dmehlman,,,,,,,0,,,,,,,,,,,,,,,,,,,,,,,,,,,,,,,,,,,,,,,,,0,,,,,,,
,,,,,4,,,,,0,,,,,,,,,,,3,,,id-nicola,,,,,,,1,,,,,,,,,,,,,,,,,,,,,,,,,,,,,,,,,,,,,,,,,0,,,,,,,
,,,,,1,,,,,0,,,,,,,,,,,,,,Emiliano575,,,,,,,0,,,,,,,,,,,,,,,,,,,,,,,,,,,,,,,,,,,,,,,,,0,,,,,,,
,,,,,1,,,,,0,,,,,,,,,,,,,,Soporte-Cabezuelo,,,,,,,0,,,,,,,,,,,,,,,,,,,,,,,,,,,,,,,,,,,,,,,,,0,,,,,,,
,,,,3,3,,,,,2,,,,,,,,,,,,,,cacao77,,,,,,,0,,,,,,,,,,,,,,,,,,,,,,,,,,,,,,,,,,,,,,,,,0,,,,,,,
,,,,,1,,,,,0,,,,,,,,,,,,,,sowmyagouru,,,,,,,0,,,,,,,,,,,,,,,,,,,,,,,,,,,,,,,,,,,,,,,,,0,,,,,,,
,,,,,3,,,,,3,,,,,,,,,,1,,,,DeRuby,1,,,,,,0,,,,,,,,,,,,,,,,,,,,,,,,,,,,,,,,,,1,,,,,,,0,,,,,,,
,,,,,1,,,,,0,,,,,,,,,,,,,,Kr4zy92,,,,,,,0,,,,,,,,,,,,,,,,,,,,,,,,1,,,,,,,,,,,,,,,,,2,,,,,,,
,,,,,1,,,,,0,,,,,,,,,,,,,,potyczkielektronikow,,,,,,,0,,,,,,,,,,,,,,,,,,,,,,,,,,,,,,,,,,,,,,,,,0,,,,,,,
,,,,,6,,,,,0,,,,,,,,,,,2,,,sGrindvoll,,,,,,,0,,,,,,,,,,,,,,,,,,,,,1,,,,,,,,,,,,,,,,,,,,0,,,,,,,
,,,,,2,,,,,0,,,,,,,,,,,,,,A20016,,,,,,,0,,,,,,,,,,,,,,,,,,,,,,,,,,,,,,,,,,1,,,,,,,0,,,,,,,
,,,,,5,,,,,0,1,,2,,,,,,,,,,,husoman,,,,,,,0,,,,,,,,,,,,,,,,,,,,,,,,1,,,,,,,,,,1,,,,,,,1,,,,,,,
,,,,,1,,,,,0,,,,,,,,,,,,,,MBennawy,,,,,,,0,,,,,,,,,,,,,,,,,,,,,,,,,,,,,,,,,,,,,,,,,0,,,,,,,
,,,,,2,,,,,0,,,,,,,,,,,,,,KapKirill,,,,,,,0,,,,,,,,,,,,,,,,,,,,,,,,,,,,,,,,,,1,,,,,,,0,,,,,,,
,,,,,5,,,,,0,,,,,,,,,,,,,,eslam7013,,,,,,,1,,,,,,,,1,,,,,,,,,,,,,,,,,,,,,,,,,,,,,,,,,2,,,,,,,
,,,,,6,,,,,1,,,,,,,,,,3,,,,heuburglar,,,,,,,0,,,,,,,,,,,,,,,,,,,,,,,,,,,,,,,,,,2,,,,,,,0,,,,,,,
,,,,,3,,,,,1,,,,,,,,,,3,,,,Munjorul-hasan,,,,,,,1,,,,,,,,,,,,,,,,,,,,,,,,,,,,,,,,,,,,,,,,,0,,,,,,,
,,,,,1,,,,,0,,,,,,,,,,,,,,pramsagar,,,,,,,0,,,,,,,,,,,,,,,,,,,,,,,,,,,,,,,,,,,,,,,,,0,,,,,,,
,,,,,4,,,,,0,,,2,,,,,,,,,,,QQQuestioner,,,,,,,0,,,,,,,,,,,,,,,,,,,,,,,,,,,,,,,,,,,,,,,,,0,,,,,,,
,,,,1,22,,,,,5,,,,,,,,,,,,,,matt-fevold,,,,,,,6,,,,,,,,12,,,,,,,,,,,,,,,,1,,,,,,,,,,3,,,,,,,1,,,,,,,
,,,,,1,,,,,0,,,,,,,,,,,,,,14059,,,,,,,0,,,,,,,,,,,,,,,,,,,,,,,,,,,,,,,,,,,,,,,,,0,,,,,,,
,,,,,1,,,,,1,,,,,,,,,,,,,,jnietosa,,,,,,,2,,,,,,,,,,,,,,,,,,,,,,,,,,,,1,,,,,,,,,,,,,3,,,,,,,
,,,,1,1,,,,,0,,,,,,,,,,,,,,njgross,,,,,,,0,,,,,,,,,,,,,,,,,,,,,,,,,,,,,,,,,,,,,,,,,0,,,,,,,
,,,,,2,,,,,0,,,,,,,,,,,,,,jhasmir,,,,,,,0,,,,,,,,,,,,,,,,,,,,,,,,,,,,,,,,,,,,,,,,,0,,,,,,,
,,,,,5,,,,,0,,,,,,,,,,,,,,jcdias1956,,,,,,,0,,,,,,,,,3,,,,,,,,,,,,,,,,,,,,,,,,,2,,,,,,,0,,,,,,,
,,,,1,3,,,,,3,,,1,,,,,,,,,,,ndikkala,,,,,,,0,,,,,,,,,,,,,,,,,,,,,,,,,,,,,,,,,,1,,,,,,,0,,,,,,,
,,,,3,3,,,,,1,,,,,,,,,,,,,,iamlain,,,,,,,1,,,,,,,,,,,,,,,,,,,,,,,,,,,,,,,,,,,,,,,,,1,,,,,,,
,,,,,1,,,,,0,,,,,,,,,,,,,,JimClennon,,,,,,,0,,,,,,,,,,,,,,,,,,,,,,,,,,,,,,,,,,,,,,,,,0,,,,,,,
,,,,,1,,,,,0,,,,,,,,,,,,,,DallKon,,,,,,,0,,,,,,,,,,,,,,,,,,,,,,,,,,,,,,,,,,,,,,,,,0,,,,,,,
,,,,,1,,,,,0,,,,,,,,,,,,,,atranRC,,,,,,,0,,,,,,,,,,,,,,,,,,,,,,,,,,,,,,,,,,,,1,,,,,1,,,,,,,
,,,,,1,,,,,0,,,,,,,,,,,,,,Rzouga84,,,,,,,0,,,,,,,,,,,,,,,,,,,,,,,,,,,,,,,,,,,,,,,,,0,,,,,,,
,,,,,1,,,,,0,,,,,,,,,,,,,,Rzouga84,,,,,,,0,,,,,,,,,,,,,,,,,,,,,,,,,,,,,,,,,,,,,,,,,0,,,,,,,
,,,,,2,,,,,0,,,,,,,,,,,,,,jlmartinezi,,,,,,,0,,,,,,,,,,,,,,,,,,,,,,,,,,,,,,,,,,,,,,,,,0,,,,,,,
,,,,,4,,,,,0,,,,,,,,,,,,,,Hu83rt,,,,,,,0,,,,,,,,,,,,,,1,,,,,,,,,,,,,,,1,,,,,,,,,,,,0,,,,,,,
,,,,1,2,,,,,0,,,,,,,,,,,,,,atharva1989,,,,,,,0,,,,,,,,1,,,,,,,,,,,,,,,,,,,,,,,,,,,,,,,,,0,,,,,,,
,,,,,4,,,,,0,,,,,1,,,,2,,,,,romanandreyvich,,,,,,,2,,,,,1,,,,,,,,,,,,,,,,,,,,,,,,,,,,,,,,,,,,2,,,,,,,
,,,,,16,,,,,0,,,,,,,,,,4,,,,greenteas,,,,,,,4,,,,,,,,4,,,,,,,,,,,,,,,,,,,,,,,,,,1,,,,,,,5,,,,,,,
,,,,7,12,,,,,2,,,,,,,,,,,,,,MohamedElhoseny,,,,,,,5,,,,,,,,,,,,,,,,,,,,,,,,1,,,,,,,,,,,,,,,,,6,,,,,,,
,,,,,2,,,,,0,,,,,,,,,,1,,,,nathanbartels,,,,,,,1,,,,,,,,,,,,,,,,,,,,,,,,,,,,,,,,,,,,,,,,,1,,,,,,,
,,,,,3,,,,,20,,,,,,,,,,,,,,cljsrn,,,,,,,0,,,,,,,,,,,,,,,,,,,,,,,,,,,,,,,,,,,,1,,,,,0,,,,,,,1
,,,,,11,,,,,0,,,,,,,,,,2,,,,apapamichalis,,,,,,,0,,,,,,,,,,,,,,,,7,,,,,,,,,,,,,,,,,,,,,,,,,0,,,,,,,
,,,,,7,,,,,0,,,,,,,,,,1,,,,adret,,,,,,,0,,,,,,,,,,,,,,,,,,,,,,,,,,,,,,,,,1,,,,,,,,0,,,,,,,
,,,,,4,,,,,0,,,,,,,,,,,,,,olugbengaakindele,,,,,,,0,,,,,,,,,,,,,,,,,,,,,,,,,,,,,1,,,,,,,,,,,,0,,,,,,,
,,,,,2,,,,,0,,,,,,,,,,1,,,,kittykat3424,,,,,,,0,,,,,,,,,,,,,,,,,,,,,,,,,,,,,,,,,,1,,,,,,,0,,,,,,,
,,,,,1,,,,,0,,,,,,,,,,,,,,usiwallaby,,,,,,,0,,,,,,,,,,,,,,,,,,,,,,,,,,,,,,,,,,1,,,,,,,0,,,,,,,
,,,,,1,,,,,0,,,,,,,,,,,,,,aclarkchemsem,,,,,,,0,,,,,,,,,,,,,,,,,,,,,,,,,,,,,,,,,,1,,,,,,,0,,,,,,,
,,,,,1,,,,,0,,,,,,,,,,1,,,,HuEnming,,,,,,,0,,,,,,,,,,,,,,,,,,,,,,,,,,,,,,,,,,,,,,,,,0,,,,,,,
,,,,,2,,,,,0,,,,,,,,,,,,,,bsoltys17,,,,,,,0,,,,,,,,,,,,,,,,,,,,,,,,,,,,,,,,,,,,,,,,,0,,,,,,,
,,,,,10,,,,,0,,,,,,,,,,1,,,,keikolucero,,,,,,,1,,,,,,,,,,,,,,,,,,,,,,,,,,,,,,,,,,1,,2,,,,,0,,,,,,,
,,,,,3,,,,,0,,,,,,,,,,,,,,sillykill,,,,,,,0,,,,,,,,,,,,,,,,,,,,,,,,,,,,,,,,,,,,,,,,,0,,,,,,,
,,,,,1,,,,,0,,,,,,,,,,,,,,LehighOrbs,,,,,,,0,,,,,,,,,,,,,,,,,,,,,,,,,,,,,,,,,,,,,,,,,0,,,,,,,
,,,,1,1,,,,,0,,,,,,,,,,,,,,kotvsapogax,,,,,,,0,,,,,,,,,,,,,,,,,,,,,,,,,,,,,,,,,,,,,,,,,0,,,,,,,
,,,,,1,,,,,0,,,,,1,,,,,,,,,NickTingle,,,,,,,2,,,,,,,,,,,,,,,,,,,,,,,,,,,,,,,,,,,,,,,,,3,,,,,,,
,,,,,1,,,,,0,,,,,,,,,,,,,,andresgv,,,,,,,0,,,,,,,,,,,,,,,,,,,,,,,,,,,,,,,,,,,,,,,,,0,,,,,,,
,,,,5,8,,,,,6,,,1,,,,,,,,,,,HeroDigital,,,,,,,0,,,,,,,,,,,,,,,,1,,,,,,,,,,,,,,,,,,1,,,,,,,0,,,,,,,
,,,,,1,,,,,0,,,,,,,,,,,,,,aos-team,,,,,,,0,,,,,,,,,,,,,,,,,,,,,,,,,,,,,,,,,,1,,,,,,,0,,,,,,,
,,,,,2,,,,,0,,,,,,,,,,,,,,trans-girl-eating,,,,,,,0,,,,,,,,1,,,,,,,,,,,,,,,,,,,,,,,,,,,,,,,,,0,,,,,,,
,,,,1,19,,,,,0,,,,,,,,,,1,1,,,sreesh-mallya,,,,,,,2,,,,1,,,,5,,,,,,,,,,,,,,,,2,,,,,,,,,,3,,,,,,,42,,,,,,,
,,,,,1,,,,,0,,,,,,,,,,,,,,Mhelsel17,,,,,,,0,,,,,,,,,,,,,,,,,,,,,,,,,,,,,,,,,,,,,,,,,0,,,,,,,
,,,,,3,,,,,0,,,,,,,,,,,,,,KostrebaDV,,,,,,,1,,,,,,,,,,,,,,,,,,,,,,,,,,,,,,,,,,2,,1,,,,,0,,,,,,,
,,,,,1,,,,,0,,,,,,,,,,,,,,sophiadai,,,,,,,0,,,,,,,,,,,,,,,,,,,,,,,,,,,,,1,,,,,,,,,,,,0,,,,,,,
,,,,,12,,,,,0,,,,,,,,,1,2,,,,wnuoer,,,,,,,1,,,,,,,,,,,,,,,,,,,,,,,,,,,,,,,,,,8,,,,,,,0,,,,,,,
,,,,,2,,,,,0,,,,,,,,,,,1,,,esearen,,,,,,,0,,,,,,,,,,,,,,,,1,,,,,,,,,,,,,,,,,,,,,,,,,0,,,,,,,
,,,,2,4,,,,,0,,,1,,,,,,,,,,,AlexanderAshin,,,,,,,0,,,,,,,,,,,,,,,,,,,,,,,,1,,,,,,,,,,,,,,,,,0,,,,,,,
,,,,1,2,,,,,0,,,,,,,,,,,,,,cefthi,,,,,,,0,,,,,,,,,,,,,,,,,,,,,,,,,,,,,,,,,,,,,,,,,0,,,,,,,
,,,,,4,,,,,0,,,,,,,,,,1,,,,zhartole,,,,,,,0,,,,,,,,,1,,,,,,,,,,,,,,,,,,,,,,,,,2,,,,,,,0,,,,,,,
,,,,,7,,,,,0,,,,,1,,,,,2,,,,murrayjason,,,,,,,0,,,,,,,,,,,,,,,,,,,,,,,,,,,,,,,,,,,,,,,,,0,,,,,,,
,,,,,1,,,,,0,,,,,,,,,,,,,,gitdecker,,,,,,,0,,,,,,,,,,,,,,,,,,,,,,,,,,,,,,,,,,,,,,,,,0,,,,,,,
,,,,,1,,,,,0,,,,,,,,,,,,,,ShangJungWu,,,,,,,0,,,,,,,,,,,,,,,,,,,,,,,,,,,1,,,,,,,,,,,,,,0,,,,,,,
,,,,,6,,,,,1,,,,,,,,,,,,,,naplekov,,,,,,,0,,,,,,,,,,,,,,,,,,,,,,,,,,,,,,,,,,2,,,,,,,0,,,,,,,
,,,,,5,,,,,0,,,,,,,,,,1,,,,muhammadabdullah55,,,,,,,0,,,,,,,,,1,,,,,,,,,,,,,,,,,,,,,,,,,3,,,,,,,0,,,,,,,
,,,,,2,,,,,0,,,,,,,,,,,,,,tbuisson,,,,,,,0,,,,,,,,2,,,,,,,,,,,,,,,,,,,,,,,,,,,,,,,,,0,,,,,,,
,,,,,2,,,,,0,,,,,,,,,,,,,,Witthaya12,,,,,,,0,,,,,,,,,,,,,,,,,,,,,,,,,,,,,,,,,,,,,,,,,0,,,,,,,
,,,,,1,,,,,0,,,,,,,,,,,,,,cosmorocker,,,,,,,0,,,,,,,,,,,,,,,,1,,,,,,,,,,,,,,,,,,,,,,,,,0,,,,,,,
,,,,,1,,,,,0,,,,,,,,,,,,,,Hristodul,,,,,,,0,,,,,,,,,,,,,,,,,,,,,,,,,,,,,,,,,,1,,,,,,,0,,,,,,,
,,,,,1,,,,,0,,,,,,,,,,,,,,Hristodul,,,,,,,0,,,,,,,,,,,,,,,,,,,,,,,,,,,,,,,,,,1,,,,,,,0,,,,,,,
,,,,1,7,,,,,0,,,,,,,,,,1,,,,felipeandresrr,,,,,,,2,,,,,1,,,,2,,,,,,,,,,,,,,,,,,,,,,,,,,,1,,,,,2,,,,,,,
,,,,,12,,,,,0,,,,,,,,,,1,,,,eRR0R4ik,,,,,,,0,,,,,,,,,1,,,,,,,,,,,,,,,,,,,,,,,,,6,,4,,,,,0,,,,,,,
,,,,,2,,,,,0,,,,,,,,,,1,,,,hiswa94,,,,,,,0,,,,,,,,,,,,,,,,,,,,,,,,,,,,,,,,,,1,,,,,,,0,,,,,,,
,,,,,6,,,,,0,,,,,,,,,1,,,,,rsabadash,,,,,,,0,,,,,,,,,,,,,,,,,,,,,,,,,,,,,,,,,,4,,1,,,,,0,,,,,,,
,,,,,3,,,,,0,,,,,,,,,,,1,,,gdportwood,,,,,,,0,,,,,,,,,,,,,,,,,,,,,,,,1,,,,,,,,,,,,,,,,,0,,,1,,,,
,,,,2,5,,,,,0,,,,,,,,,,1,,,,jperez4,,,,,,,0,,,,,,,,1,,,,,,,,,,,,,,,,,,,,,,,,,,,,,,,,,0,,,,,,,
,,,,,1,,,,,0,,,,,,,,,,,,,,mejiajuarez,,,,,,,0,,,,,,,,,,,,,,,,,,,,,,,,,,,,,,,,,,,,,,,,,0,,,,,,,
,,,,,1,,,,,0,,,,,,,,,,,,,,manu2103,,,,,,,1,,,,,,,,,,,,,,,,,,,,,,,,,,,,,,,,,,,,,,,,,0,,,,,,,
,,,,,1,,,,,0,,,,,,,,,,,,,,jkalla2,,,,,,,0,,,,,,,,,,,,,,,,,,,,,,,,,,,,,,,,,,,,,,,,,0,,,,,,,
,,,,2,15,,,,,11,,,,,,,,,,2,,,,alexxuyao,,,,,,,5,,,,,,,,2,,,,,,,,,,,,,,,,1,,,,,,,,,,2,,,,,,6,22,,,,,,,
,,,,,5,,,,,0,,,,,,,,,,2,,,,csadom,,,,,,,0,,,,,,,,,,,,,,,,,,,,,,,,,,,,,,,,,,1,,,,,,,0,,,1,,,,
,,,,,2,,,,,0,,,,,,,,,,,,,,qaj,,,,,,,3,,,,,,,,,,,,,,,,,,,,,,,,,,,,,,,,,,2,,,,,,,2,,,,,,,
,,,,3,4,,,,,0,,,,,,,,,,,,,,vsrikanth22,,,,,,,0,,,,,,,,1,,,,,,,,,,,,,,,,,,,,,,,,,,,,,,,,,0,,,,,,,
,,,,1,2,,,,,0,,,1,,,,,,,,,,,Wiljers,,,,,,,0,,,,,,,,,,,,,,,,,,,,,,,,,,,,,,,,,,,,,,,,,0,,,,,,,
,,,,2,5,,,,,0,,,1,,,,,,,,,,,geekprogramming,,,,,,,0,,,,,,,,,,,,,,,,,,,,,,,,,,,,,,,,,,,,,,,,,0,,,,,,,
,,,,,13,,,,,3,,,,,,,,,6,,,,,shishaoqi,,,,,,,0,,,,4,,,,1,,,,,,,,,,,,,,,,,,,,,,,,,,1,,,,,,,0,,,,,,,
,,,,1,2,,,,,0,,,,,,,,,,,,,,rmontufar,,,,,,,0,,,,,,,,,,,1,,,,,,,,,,,,,,,,,,,,,,,,,,,,,,2,,,,,,,
,,,,19,36,,,,,3,,,1,,,,,,,2,,,,manueltm24,,,,,,,0,,,2,,,1,,2,,,,,1,,,,,,,,,,,,,,,,,,,,,3,,2,,,,,3,,,,,,,
,,,,,1,,,,,0,,,,,,,,,,1,,,,fastzoom,,,,,,,0,,,,,,,,,,,,,,,,,,,,,,,,,,,,,,,,,,,,,,,,,0,,,,,,,
,,,,,2,,,,,3,,,,,,,,,1,,,,,parnustk,,,,,,,0,,,,,,,,,,,,,,,,,,,,,,,,,,,,,,,,,,,,,,,,,0,,,,,,,
,,,,,35,,,,,2,,,,,,,,,,,,,,ProfessorJMoriarty,,,,,,,44,,,,,,,,,,,,,,,,,,,,,,,,24,,,,,,,,,,1,,,,,,,39,,,,,,,
,,,,,3,,,,,1,,,,,,,,,,,1,,,yhxs3344,,,,,,,0,,,,,,,,,,,,,,,,,,,,,,,,1,,,,,,,,,,,,,,,,,2,,,,,,,
,,,,4,9,,,,,8,,,,,,,,,,2,,,,popovanton0,,,,,,,3,,,,,,,2,,,,,,,,,,,,,,,,,,,,,,,,,,,1,,,,,,,1,,,,,,,
,,,,,4,,,,,0,,,,,,,,,,,,,,abdullah945,,,,,,,0,,,,,,,,,,,,,,,,,,,,,,,,,,,,,,,,,,,,,,,,,0,,,,,,,
,,,,,39,,,,,1,,,,,,,,,,,,,,ricardo-yuxi,,,,,,,9,,,,,,,,,8,,,,,,,17,,,,,,,,2,,,,,,,,,,2,,1,,,,,25,,,,,,,
,,,,,19,,,,,4,,,,,,,,,,5,,,,Kasjs,,,,,,,1,,,,,,,,,1,,,,,,,,,,,,,,,,,,,,,,,,,6,,4,,,,,0,,,,,,,
,,,,,28,,,,,0,,,,,,,,,,2,,,,xbell,,,,,,,2,,,,,,,,,,,,,,,,18,,,,,,,,,,,,,,,,,,4,,2,,,,,2,,,,,,,
,,,,2,10,,,,,0,,,,,,,,,,,,,,proggreg,,,,,,,2,,,,,,,,,,,,,,,,,,,,,,,,,,,,,,,,,,8,,,,,,,6,,,,,,,
,,,,,1,,,,,0,,,,,,,,,,,,,,test4learn,,,,,,,0,,,,,,,,,,,,,,,,,,,,,,,,,,,,,,,,,,,,,,,,,0,,,,,,,
,,,,,1,,,,,0,,,,,1,,,,,,,,,Rolvar,,,,,,,0,,,,,,,,,,,,,,,,,,,,,,,,,,,,,,,,,,,,,,,,,3,,,,,,,
,,,,,4,,,,,0,,,,,,,,,,1,,,,sriharsha158,,,,,,,0,,,,,,,,,,,,,,,,,3,,,,,,,,,,,,,,,,,,,,,,,,0,,,,,,,
,,,,,6,,,,,0,,,,,,,,,,1,,,,nadiabea,,,,,,,1,,,,,1,,,,,,,,,,,,2,,,,,,,,,,,,,,,,,,,,,,,,1,,,,,,,
,,,,,35,,,,,0,,,,,,,,,,5,,,,chrishintz,,,,,,,3,,,,,,,,,,,,,,,,17,,,,,,,,,,,,,,,,,,3,,6,,,,,6,,,,,,,
,,,,1,1,,,,,0,,,,,,,,,,,,,,jonnydepp1000,,,,,,,0,,,,,,,,,,,,,,,,,,,,,,,,,,,,,,,,,,,,,,,,,0,,,,,,,
,,,,,2,,,,,0,,,,,,,,,1,1,,,,HydraOpt,,,,,,,0,,,,,,,,,,,,,,,,,,,,,,,,,,,,,,,,,,,,,,,,,0,,,,,,,
,,,,2,14,,,,,1,,,,,,,,,3,1,,,,ishu63,,,,,,,1,,,,2,,,,5,,,,,,,,,,,,,,,,,,,,,,,,,,,,,,,,,0,,,,,,,
,,,,,5,,,,,0,,,1,,,,,,,,,,,CEMurad,,,,,,,0,,,,,,,,,,,,,,,,,,,,,,,,1,,,,,,,,,,,,,,,,,2,,,,,,,
,,,,,2,,,,,0,,,,,,,,,,,,,,financeirosanexos,,,,,,,0,,,,,,,,,,,,,,,,,,,,,,,,,,,,,,,,,,,,,,,,,0,,,,,,,
,,,,,1,,,,,0,,,,,,,,,,,,,,heliuxsoft,,,,,,,0,,,,,,,,,,,,,,,,,,,,,,,,,,,,,,,,,,,,,,,,,0,,,,,,,
,,,,3,3,,,,,0,,,,,,,,,,,,,,roasher,,,,,,,0,,,,,,,,,,,,,,,,,,,,,,,,,,,,,,,,,,,,,,,,,0,,,,,,,
,,,,4,11,,,,,0,,,,,,,,,,,,,,GentleDot,,,,,,,1,,,,,,,,,3,,,,,,,,,,,,,,,,,,,,,,,,,1,,,,,,1,0,,,,,,,
,,,,,3,,,,,0,,,,,,,,,,,,,,ameliatest2,,,,,,,0,,,,,,,,,,,,,,,,,,,,,,,,,,,,,,,,,,,,,,,,,0,,,,,,,
,,,,,8,,,,,0,,,,,,,,,,1,,,,sujitpal2000,,,,,,,0,,,,1,,,,1,,,,,,,,,,,,,,,,1,,,,,,,,,,1,,,,,,1,0,,,,,,,
,,,,1,17,,,,,5,,,,,,,,,,1,1,,,sanjifr3,,,,,,,1,,,,,,,,3,,,,,,,,,5,,,,,,,3,,,,,,,,,,,,,,,,,0,,,2,,,,
,,,,,10,,,,,0,,,1,,,,,,5,,,,,Byron2016,,,,,,,0,,1,,,,,,,1,,,,,,,,,,,,,,,,,,,,,,,,,,,1,,,,,0,,,,,,,
,,,,,3,,,,,0,,,,,,,,,,,,,,myselfonly,,,,,,,0,,,,,,,,,,,,,,,,2,,,,,,,,,,,,,,,,,,,,,,,,,0,,,,,,,
,,,,1,1,,,,,0,,,,,,,,,,,,,,edura22,,,,,,,0,,,,,,,,,,,,,,,,,,,,,,,,,,,,,,,,,,,,,,,,,0,,,,,,,
,,,,,10,,,,,0,,,1,,,,,,5,,,,,Byron2016,,,,,,,0,,1,,,,,,,1,,,,,,,,,,,,,,,,,,,,,,,,,,,1,,,,,0,,,,,,,
,,,,,3,,,,,0,,,,,,,,,,,,,,myselfonly,,,,,,,0,,,,,,,,,,,,,,,,2,,,,,,,,,,,,,,,,,,,,,,,,,0,,,,,,,
,,,,1,1,,,,,0,,,,,,,,,,,,,,edura22,,,,,,,0,,,,,,,,,,,,,,,,,,,,,,,,,,,,,,,,,,,,,,,,,0,,,,,,,
,,,,3,80,,,,,73,,,,,,6,,,1,,28,3,,LREN-CHUV,,,,,,,0,,,,,,,,17,1,,,,,,,1,,,,,,,,,,,,,3,,,,,5,,2,,,,,0,,,5,,,,
,,,,,10,,,,,0,,,,,,,,,,3,,,,lstar19,,,,,,,4,,,,,,,,,,,,,,,,,,,,,,,,,,,,,,,,,,3,,1,,,,,0,,,,,,,
,,,,,1,,,,,0,,,,,,,,,,,,,,jneegurl,,,,,,,0,,,,,,,,,,,,,,,,,,,,,,,,,,,,,,,,,,,,,,,,,0,,,,,,,
,,,,,4,,,,,0,,,,,,,,,,,,,,HectorAC,,,,,,,0,,,,,,,,,,,,,,,,,,,,,,,,,,,,,,,,,,2,,1,,,,,0,,,,,,,
,,,,,1,,,,,0,,,,,,,,,,,,,,ElliotUnbounce,,,,,,,0,,,,,,,,,,,,,,,,1,,,,,,,,,,,,,,,,,,,,,,,,,0,,,,,,,
,,,,,2,,,,,0,,,,,,,,,,,,,,soumyasamant,,,,,,,0,,,,1,,,,,,,,,,,,,,,,,,,,,,,,,,,,,,,,,,,,,0,,,,,,,
,,,,1,1,,,,,0,,,,,,,,,,,,,,aishu1413,,,,,,,0,,,,,,,,,,,,,,,,,,,,,,,,,,,,,,,,,,,,,,,,,0,,,,,,,
,,,,,1,,,,,0,,,,,,,,,,,,,,zoeflores,,,,,,,0,,,,,,,,,,,,,,,,,,,,,,,,,,,,,,,,,,,,,,,,,0,,,,,,,
,,,,,1,,,,,0,,,,,,,,,,,,,,MiniDent,,,,,,,0,,,,,,,,,,,,,,,,,,,,,,,,,,,,,,,,,,,,1,,,,,0,,,,,,,
,,,,,1,,,,,0,,,,,,,,,,,,,,jefferythyer,,,,,,,0,,,,,,,,,,,,,,,,,,,,,,,,,,,,,,,,,,,,,,,,,0,,,,,,,
,,,,,13,,,,,0,,,,,,,,,,3,,,,dionisis1234,,,,,,,0,,,,1,,,,3,,,,,,,,,,,,,,,,,,,,,,,,,,1,,,,,,,0,,,,,,,
,,,,,3,,,,,0,,,,,,,,,,,,,,volodymyr9122,,,,,,,0,,,,,,,,,,,,,,,,,,,,,,,,,,,,,,,,,,3,,,,,,,0,,,,,,,
,,,,,1,,,,,0,,,,,,,,,,,,,,berthalindasina,,,,,,,1,,,,,,,,,,,,,,,,,,,,,,,,1,,,,,,,,,,,,,,,,,1,,,,,,,
,,,,,2,,,,,0,,,,,,,,,,,,,,doyasu,,,,,,,0,,,,,,,,,,,,,,,,,,,,,,,,,,,,,,,,,,2,,,,,,,0,,,,,,,
,,,,1,11,,,,,0,,,,,,,,,,,,2,,Yuntaz,,,,,1,,1,,,,,,,,3,,,,,,,,,,,,,,,,1,,,,,,,,,,1,,,,,,,0,,,,,,,
,,,,,1,,,,,0,,,,,,,,,,,,,,Renaura,,,,,,,0,,,,,,,,,,,,,,,,,,,,,,,,,,,,,,,,,,,,1,,,,,0,,,,,,,
,,,,1,1,,,,,0,,,,,,,,,,,,,,INCH96,,,,,,,0,,,,,,,,,,,,,,,,,,,,,,,,,,,,,,,,,,,,,,,,,0,,,,,,,
,,,,,1,,,,,0,,,,,,,,,,,,,,jordancline,,,,,,,0,,,,,,,,,,,,,,,,,,,,,,,,1,,,,,,,,,,,,,,,,,0,,,,,,,
,,,,,1,,,,,0,,,,,,,,,1,,,,,vdomansky,,,,,,,0,,,,,,,,,,,,,,,,,,,,,,,,,,,,,,,,,,,,,,,,,0,,,,,,,
,,,,,3,,,,,0,,,,,,,,,,1,,,,DimitriosEx,,,,,,,0,,,,,,,,1,,,,,,,,,,,,,,,,,,,,,,,,,,,,,,,,,1,,,,,,,
,,,,,2,,,,,0,,,,,,,,,,,,,,fcleber,,,,,,,0,,,,,,,,,,,,,,,,,,,,,,,,,,,,,,,,,,1,,,,,,,0,,,,,,,
,,,,,1,,,,,0,,,,,,,,,,,,,,michaelrobert9,,,,,,,0,,,,,,,,,,,,,,,,,,,,,,,,,,,,,,,,,,,,,,,,,0,,,,,,,
,,,,,9,,1,,,2,,,,,,,,,,4,,,,SpyrosKoustas,,,,,,,3,,,,2,,,,1,,,,,,,,,,,,,,,,,,,,,,,,,,,,,,,,,3,,,,,,,
,,,,,1,,,,,0,,,,,,,,,,,,,,GeorgeSkoutelas,,,,,,,0,,,,,,,,,,,,,,,,,,,,,,,,,,,,,,,,,,,,,,,,,0,,,,,,,
,,,,,1,,,,,0,,,,,,,,,,,,,,Panagiotisz,,,,,,,0,,,,,,,,,,,,,,,,,,,,,,,,,,,,,,,,,,,,,,,,,0,,,,,,,
,,,,,1,,,,,0,,,,,,,,,,1,,,,JaredChenowith,,,,,,,0,,,,,,,,,,,,,,,,,,,,,,,,,,,,,,,,,,,,,,,,,0,,,,,,,
,,,,1,2,,,,,0,,,,,,,,,,,,,,juraj-kopacka,,,,,,,0,,,,,,,,,,,,,,,,,,,,,,,,,,,,,,,,,,1,,,,,,,0,,,,,,,
,,,,,4,,,,,0,,,,,,,,,,1,,,,xJokom,,,,,,,0,,,,,,,,,,,,,,,,,,,,,,,,,,,,,,,,,,,,,,,,,0,,,,,,,
,,,,,15,,,,,0,,,5,,,,,,1,,,,,ameleah,,,,,,,1,,,,,,,,,1,,,1,,,,,,,,,,,,,,,,,,,,,,3,,1,,,,,4,,,,,,,
,,,,,1,,,,,0,,,,,,,,,,,,,,yehkatie,,,,,,,4,,,,,,,,,,,,,,,,,,,,,,,,,,,,,,,,,,1,,,,,,,1,,,,,,,
,,,,,1,,,,,0,,,,,,,,,,,,,,long4210,,,,,,,0,,,,,,,,,,,,,,,,,,,,,,,,,,,,,,,,,,,,,,,,,0,,,,,,,
,,,,1,1,,,,,0,,,,,,,,,,,,,,chong2210,,,,,,,0,,,,,,,,,,,,,,,,,,,,,,,,,,,,,,,,,,,,,,,,,0,,,,,,,
,,,,,1,,,,,0,,,,,,,,,,,,,,sept1ne,,,,,,,0,1,,,,,,,,,,,,,,,,,,,,,,,,,,,,,,,,,,,,,,,,0,,,,,,,
,,,,1,9,,,,,60,,,,,,,,,,,,,,vyassu,,,,,,,6,,,,,,,,7,,,,,,,,,,,,,,,,,,,,,,,,,,1,,,,,,,0,,,,,,,
,,,,,1,,,,,0,,,,,,,,,,,,,,processingGOD,,,,,,,0,,,,,,,,,,,,,,,,,,,,,,,,,,,1,,,,,,,,,,,,,,0,,,,,,,
,,,,,1,,,,,0,,,,,,,,,,,,,,curly9187,,,,,,,0,,,,,,,,,,,,,,,,,,,,,,,,,,,,,,,,,,,,,,,,,0,,,,,,,
,,,,,1,,,,,0,,,,,,,,,,,,,,RyneIacono,,,,,,,0,,,,,,,,,,,,,,,,,,,,,,,,,,,,,,,,,,,,,,,,,0,,,,,,,
,,,,,1,,,,,0,,,,,,,,,,,,,,ehanjian,,,,,,,0,,,,,,,,,,,,,,,,,,,,,,,,,,,,,,,,,,,,,,,,,0,,,,,,,
,,,,,1,,,,,0,,,,,,,,,,,,,,razcoaga,,,,,,,0,,,,,,,,,,,,,,,,,,,,,,,,,,,,,,,,,,,,,,,,,0,,,,,,,
,,,,1,1,,,,,0,,,,,,,,,,,,,,rkpinisetti,,,,,,,0,,,,,,,,,,,,,,,,,,,,,,,,,,,,,,,,,,,,,,,,,0,,,,,,,
,,,,,1,,,,,0,,,,,,,,1,,,,,,PascalSchepat,,,,,,,0,,,,,,,,,,,,,,,,,,,,,,,,,,,,,,,,,,,,,,,,,0,,,,,,,
,,,,,10,,,,,0,,,,,,,,,,2,,,,AnastasiaLefa,,,,,,,0,,,,,,,,1,,,,,1,,,,,,,,,,,,,,,,,,,,,2,,,,,,,0,,,,,,,
,,,,,1,,,,,0,,,,,,,,,,1,,,,claytonschase,,,,,,,0,,,,,,,,,,,,,,,,,,,,,,,,,,,,,,,,,,,,,,,,,0,,,,,,,
,,,,,1,,,,,0,,,,,,,,,,,,,,dumitrucandale,,,,,,,0,,,,,,,,1,,,,,,,,,,,,,,,,,,,,,,,,,,,,,,,,,0,,,,,,,
,,,,,18,,,,,0,,,,,,,,,,,1,,2,cnliao,,,,,,,0,,,,1,,,,,2,,,,,,,,,,,,1,,,,,,,,,,,,,,,,,9,,,14,,,,,,,
,,,,,13,,,,,0,,,,,,,,,,1,,,,Mikepag,,,,,,,0,,,,2,,,,5,,,,,,,,,,,,,,,,1,,,,,,,,,,,,2,,,,,0,,,,,,,
,,,,,1,,,,,0,,,,,,,,,,,,,,mimusto,,,,,,,0,,,,,,,,,,,,,,,,,,,,,,,,,,,,,,,,,,,,,,,,,0,,,,,,,
,,,,,2,,,,,0,,,,,,,,,,,,,,tawfik969341,,,,,,,0,,,,,,,,,,,,,,,,,,,,,,,,,,,,,,,,,,,,,,,,,0,,,,,,,
,,,,,2,,,,,0,,,,,,,,,,,,,,nibhakislay,,,,,,,0,,,,,,,,,,,,,,,,,,,,,,,,,,,,,,,,,,,,,,,,,0,,,,,,,
,,,,,13,,,,,0,,,,,,,,,,1,,,,Mikepag,,,,,,,0,,,,2,,,,5,,,,,,,,,,,,,,,,1,,,,,,,,,,,,2,,,,,0,,,,,,,
,,,,,1,,,,,0,,,,,,,,,,,,,,mimusto,,,,,,,0,,,,,,,,,,,,,,,,,,,,,,,,,,,,,,,,,,,,,,,,,0,,,,,,,
,,,,,2,,,,,0,,,,,,,,,,,,,,tawfik969341,,,,,,,0,,,,,,,,,,,,,,,,,,,,,,,,,,,,,,,,,,,,,,,,,0,,,,,,,
,,,,,2,,,,,0,,,,,,,,,,,,,,nibhakislay,,,,,,,0,,,,,,,,,,,,,,,,,,,,,,,,,,,,,,,,,,,,,,,,,0,,,,,,,
,,,,,11,,,,,2,,,,,,,,,5,1,,,,juve534,,,,,,,8,,,,,,,,,,,,,,,,,,,,,,,,,,,,,,,,,,3,,,,,,,7,,,,,,,
,,,,,1,,,,,0,,,,,,,,,,,,,,SheffBRC,,,,,,,0,,,,,,,,,,,,,,,,,,,,,,,,,,,,,,,,,,,,,,,,,0,,,,,,,
,,,,,2,,,,,0,,,,,,,,,,1,,,,spectrum242,,,,,,,0,,,,,,,,,,,,,,,,,,,,,,,,,,,,,,,,,,,,,,,,,0,,,,,,,
,,,,,6,,,,,0,,,,,,,,,,,,,,tarifrudrapur,,,,,,,1,,,,,,,,,,,,,,,,,,,,,,,,1,,,,,,,,,,2,,1,,,,1,0,,,,,,,
,,,,,1,,,,,0,,,,,,,,,,,,,,i18n-ko,,,,,,,0,,,,1,,,,,,,,,,,,,,,,,,,,,,,,,,,,,,,,,,,,,0,,,,,,,
,,,,,280,,,,,0,,,,,,,,,,,,,,CEC-High-School,,,,,,,0,,,,,,,,,,,,,,,,,,,,,,,,220,,,,,,,,,,,,,,,,,0,,,,,,,
,,,,,1,,,,,0,,,,,,,,,,,,,,openspectrum,,,,,,,0,,,,,,,,,,,,,,,,,,,,,,,,,,,,,,,,,,,,,,,,,0,,,,,,,
,,,,,1,,,,,0,,,,,,,,,,,,,,Pirs23,,,,,,,0,,,,,,,,,,,,,,,,,,,,,,,,,,,,,,,,,,1,,,,,,,0,,,,,,,
,,,,,2,,,,,0,,,,,,,,,,1,,,,happymedium16,,,,,,,2,,,,,,,,,,,,,,,,,,,,,,,,,,,,,,,,,,,,,,,,,1,,,,,,,
,,,,,1,,,,,0,,,,,,,,,,,,,,ngialex,,,,,,,0,,,,,,,,,,,,,,,,,,,,,,,,,,,,,,,,,,,,,,,,,0,,,,,,,
,,,,,22,,,3,,1,,,,,,,,,,1,,,,gwander,,,,,,,5,,,,,,,,3,1,,,,,,,2,,,,,,,,,,,,,,,,,,5,,,,,,2,7,,,,,,,
,,,,,1,,,,,0,,,,,,,,,,1,,,,skruemcke,,,,,,,0,,,,,,,,,,,,,,,,,,,,,,,,,,,,,,,,,,,,,,,,,0,,,,,,,
,,,,,2,,,,,0,,,,,,,,,,,1,,,chicodusty,,,,,,,0,,,,,,,,1,,,,,,,,,,,,,,,,,,,,,,,,,,,,,,,,,0,,,,,,,
,,,,,1,,,,,0,,,,,,,,,,,,,,Jeansma,,,,,,,0,,,,,,,,,,,,,,,,,,,,,,,,,,,,,,,,,,,,,,,,,0,,,,,,,
,,,,,7,,,,,2,,,,,,,,,2,,,,,cs-190,,,,,,,0,,,,,,,,,,,,,,,,,,,,,,,,,,,,,,,,,,2,,,,,,,0,,,,,,,
,1,,,,7,,,,,0,,,,,,,,,,,1,,,nurus,,,,,,,1,,,,,,,,1,,,,,,,,1,,,,,,,,,,,,,,,,,,1,,,,,,2,1,,,,,,,
,,,,,4,,,,,0,,,,,,,,,,1,,,,Drider,,,,,,,0,,,,,,,,,,,,,,,,,,,,,,,,,,,,,,,,,,2,,,,,,,0,,,,,,,
,,,,,1,,,,,0,,,,,,,,,,,,,,Zeniyamada,,,,,,,0,,,,,,,,,,,,,,,,,,,,,,,,,,,,,,,,,,,,,,,,,0,,,,,,,
,,,,,2,,,,,0,,,,,,,,,,1,,,,pope02,,,,,,,0,,,,,,,,,,,,,,,,,,,,,,,,,,,,,,,,,,,,,,,,,0,,,,,,,
,,,,,3,,,,,0,,,,,,,,,,1,,,,sbsims11,,,,,,,0,,,,,,,,,,,,,,,,,,,,,,,,,,,,,,,,,,2,,,,,,,0,,,,,,,
,,,,,1,,,,,0,,,,,,,,,,1,,,,renanmascke,,,,,,,0,,,,,,,,,,,,,,,,,,,,,,,,,,,,,,,,,,,,,,,,,0,,,,,,,
,,,,,1,,,,,0,,,,,,,,,,,,,,Garrth,,,,,,,0,,,,,,,,,,,,,,,,,,,,,,,,,,,,,,,,,,,,,,,,,0,,,,,,,
,,,,,2,,,,,0,,,,,,,,,,1,,,,MelanieAprahamian,,,,,,,0,,,,,,,,,,,,,,,,,,,,,,,,,,,,,,,,,,,,,,,,,0,,,,,,,
,,,,,3,,,,,0,,,,,,,,,,,,,,ChrisJam,,,,,,,1,,,,,,,,,,,,,,,,,,,,,,,,,,,,,,,,,,,,,,,,,1,,,,,,,
,,,,,2,,,,,9,,,,,,,,,,,,,,mundaym,,,,,,,77,,,,,,,,,,,,,,,,,,,,,,,,1,,,,,,,,,,,,,,,,1,1,,,,,,,
,,,,,2,,,,,0,,,1,,,,,,,,,,,devanshi21897,,,,,,,0,,,,,,,,,,,,,,,,,,,,,,,,,,,,,,,,,,,,,,,,,0,,,,,,,
,,,,,3,,,,,0,,,,,,,,,,,,,,s134207,,,,,,,0,,,,,,,,,,,,,,,,,,,,,,,,,,,,,,,,,,1,,,,,,,1,,,,,,,
,,,,,3,,,,,0,,,,,,,,,,1,,,,tetikarvouni,,,,,,,0,,,,,,,,,,,,,,,,,,,,,,,,,,,,,,,,,,,,,,,,,1,,,,,,,
,,,,,1,,,,,0,,,,,,,,,,,,,,hbmanual475-stage,,,,,,,0,,,,,,,,,,,,,,,,,,,,,,,,,,,,,,,,,,,,,,,,,0,,,,,,,
,,,,,1,,,,,0,,,,,,,,,,,,,,Ornito,,,,,,,0,,,,1,,,,,,,,,,,,,,,,,,,,,,,,,,,,,,,,,,,,,0,,,,,,,
,,,,,3,,,,,0,,,,,,,,,,,,,,solomonomer,,,,,,,0,,,,,,,,,,,,,,,,,,,,,,,,,,,,,,,,,,2,,,,,,,0,,,,,,,
,,,,1,1,,,,,0,,,,,,,,,,,,,,gpearly,,,,,,,0,,,,,,,,,,,,,,,,,,,,,,,,,,,,,,,,,,,,,,,,,0,,,,,,,
,,,,,1,,,,,0,,,,,,,,,,,,,,artyleria,,,,,,,0,,,,,,,,,,,,,,,,,,,,,,,,,,,,,,,,,,,,,,,,,0,,,,,,,
,,,,16,28,,,,,1,,,,,,,,,,1,,,,henriqueburis,,,,,,,1,,,,,,,,3,3,,,,,,,,,,,,,,,,,,,,,,,,,,,,,,,,0,,,,,,,
,,,,1,111,,,,,9,,1,3,,2,,,1,1,8,1,,,JasonMayerStudio,,,,,,,1,,,,1,1,,,4,4,1,,,,,,1,,,,,,,,3,,,,,,,,,,61,,5,,,,1,6,,,,,,,
,,,,,1,,,,,0,,,,,,,,,,,,,,popmanuela,,,,,,,0,,,,,,,,,,,,,,,,,,,,,,,,,,,,,,,,,,,,,,,,,0,,,,,,,
,,,,,1,,,,,0,,,,,,,,,1,,,,,jammie230,,,,,,,0,,,,,,,,,,,,,,,,,,,,,,,,,,,,,,,,,,,,,,,,,0,,,,,,,
,,,,,2,,,,,0,,,,,,,,,,,,,,penguin1980,,,,,,,0,,,,,,,,,,,,,,,,,,,,,,,,,,,,,,,,,,,,,,,,,0,,,,,,,
,,,,,1,,,,,0,,,,,,,,,,1,,,,StAleksandar1,,,,,,,0,,,,,,,,,,,,,,,,,,,,,,,,,,,,,,,,,,,,,,,,,1,,,,,,,
,,,,1,1,,,,,0,,,,,,,,,,,,,,keuzzi,,,,,,,0,,,,,,,,,,,,,,,,,,,,,,,,,,,,,,,,,,,,,,,,,2,,,,,,,
,,,,,1,,,,,0,,,,,,,,,,1,,,,uselessjargon,,,,,,,0,,,,,,,,,,,,,,,,,,,,,,,,,,,,,,,,,,,,,,,,,0,,,,,,,
,,,,,3,,,,,0,,,,,,,,,,1,,,,Arso972,,,,,,,0,,,,,,,,,,,,,,,,,,,,,,,,,,,,,,,,,,1,,1,,,,,0,,,,,,,
,,,,,7,,,,,0,,,,,,,,,,1,,,,MPriyamvadha,,,,,,,0,,,,,,,,,,,,,,,,,,,,,,,,,,,,,1,,,,,,,,,,,,0,,,,,,,
,,,,,3,,1,,,0,,,,,,,,,,1,,,,foteinipallidou,,,,,,,1,,,,,,,,,,,,,,,,,,,,,,,,,,,,,,,,,,,,,,,,,0,,,,,,,
,,,,,1,,,,,0,,,,,,,,,,,,,,quanzong,,,,,,,1,,,,,,,,,,,,,,,,,,,,,,,,,,,,,,,,,,,,,,,,,2,,,,,,,
,,,,,2,,,,,1,,,,,,,,,1,,,,,LibertyNK,,,,,,,1,,,,,,,,,,,,,,,,,,,,,,,,,,,,,,,,,,1,,,,,,,0,,,,,,,
,,,,,7,,,,,0,,,,,,,,,,1,,,,MPriyamvadha,,,,,,,0,,,,,,,,,,,,,,,,,,,,,,,,,,,,,1,,,,,,,,,,,,0,,,,,,,
,,,,,3,,1,,,0,,,,,,,,,,1,,,,foteinipallidou,,,,,,,1,,,,,,,,,,,,,,,,,,,,,,,,,,,,,,,,,,,,,,,,,0,,,,,,,
,,,,,1,,,,,0,,,,,,,,,,,,,,quanzong,,,,,,,1,,,,,,,,,,,,,,,,,,,,,,,,,,,,,,,,,,,,,,,,,2,,,,,,,
,,,,,2,,,,,1,,,,,,,,,1,,,,,LibertyNK,,,,,,,1,,,,,,,,,,,,,,,,,,,,,,,,,,,,,,,,,,1,,,,,,,0,,,,,,,
,,,,,1,,,,,0,,,,,,,,,,,,,,eu4achievement,,,,,,,0,,,,,,,,,,,,,,,,,,,,,,,,,,,,,,,,,,,,,,,,,0,,,,,,,
,,,,,1,,,,,0,,,,,,,,,,,,,,Royla,,,,,,,0,,,,,,,,,,,,,,,,,,,,,,,,,,,,,,,,,,,,,,,,,0,,,,,,,
,,,,,2,,,,,1,,,,,,,,,,,,,,PayLink,,,,,,,0,,,,,,,,,,,,,,,,,,,,,,,,,,,,,,,,,,,,,,,,,0,,,,,,,
,,,,,1,,,,,0,,,1,,,,,,,,,,,smhh,,,,,,,0,,,,,,,,,,,,,,,,,,,,,,,,,,,,,,,,,,,,,,,,,0,,,,,,,
,,,,,1,,,,,0,,,,,,,,,,,,,,robhollingworth,,,,,,,0,,,,,,,,,,,,,,,,,,,,,,,,,,,,,,,,,,,,,,,,,0,,,,,,,
,,,,,2,,,,,0,,,,,,,,,,,,,,mteetom23,,,,,,,0,,,,,,,,1,,,,,,,,,,,,,,,,,,,,,,,,,,,,,,,,,0,,,,,,,
,,,,,5,,,,,0,,,,,,,,,,1,,,,kalliopilaf,,,,,,,0,,,,,,,,1,,,,,,,,,,,,,,,,,,,,,,,,,,,,,,,,,0,,,,,,,
,,,,,3,,,,,0,,,,,,,,,,2,,,,WEBXARC,,,,,,,1,,,,,,,,,,,,,,,,,,,,,,,,,,,,,,,,,,,,,,,,,1,,,,,,,
,,,,1,1,,,,,0,,,,,,,,,,,,,,baconLin,,,,,,,0,,,,,,,,,,,,,,,,,,,,,,,,,,,,,,,,,,,,,,,,,0,,,,,,,
,,,,,1,,,,,0,,,,,,,,,,,,,,ShawnNix,,,,,,,0,,,,,,,,,,,,,,,,,,,,,,,,,,,,,,,,,,,,,,,,,0,,,,,,,
,,,,,2,,,,,0,,,,,2,,,,,,,,,oleale,,,,,,,0,,,,,,,,,,,,,,,,,,,,,,,,,,,,,,,,,,,,,,,,,0,,,,,,,
,,,,,21,,,,,0,,,,,,,,,,,,,,InesBailey,,,,,,,0,,,,,,,,,,,,,,,,,,,,,,,,,,,,,,,,,,,,,,,,,0,,,,,,,
,,,,,1,,,,,0,,,,,,,,,,,,,,riazbitu,,,,,,,0,,,,,,,,,,,,,,,,,,,,,,,,,,,,,,,,,,,,,,,,,0,,,,,,,
,,,,,1,,,,,0,,,,,,,,,,,,,,hargisrmccc,,,,,,,0,,,,,,,,,,,,,,,,,,,,,,,,,,,,,,,,,,,,,,,,,0,,,,,,,
,,,,,3,,,,,0,,,,,,,,,,,,,,sarahtooke,,,,,,,0,,,,,,,,,,,,,,,,,,,,,,,,,,,,,,,,,,,,,,,,,0,,,,,,,
,,,,,2,,,,,0,,,,,,,,,,,,,,pathytajima,,,,,,,0,,,,,,,2,,,,,,,,,,,,,,,,,,,,,,,,,,,,,,,,,,0,,,,,,,
,,,,,2,,,,,0,,,,,,,,,,1,,,,jeje1307,,,,,,,0,,,,,,,,,,,,,,,,,,,,,,,,,,,,,,,,,,,,,,,,,0,,,,,,,
,,,,,2,,,,,0,,,,,,,,,,,,,,carlypd,,,,,,,0,,,,,,,,,,,,,,,,,,,,,,,,,,,,,,,,,,,,,,,,,0,,,,,,,
,,,,,1,,,,,0,,,,,,,,,,,,,,CodingTests,,,,,,,0,,,,,,,,,,,,,,,,,,,,,,,,,,,,,,,,,,1,,,,,,,0,,,,,,,
,,,,,3,,,,,0,,,,,,,,,,1,,,,SmartScheduleByTeamOp,,,,,,,0,,,,,,,,,,,,,,,,,,,,,,,,,,,,,,,,,,,,1,,,,,0,,,,,,,
,,,,,2,,,,,0,,,1,,,,,,,,,,,warrenstephens,,,,,,,0,,,,,,,,,,,,,,,,,,,,,,,,,,,,,,,,,,,,,,,,,0,,,,,,,
,,,,,6,,,,,1,,,,,,,,,,1,,,,goleary1,,,,,,,0,,,,2,,,,,,,,,,,,,,,,,,,,,,,,,,,,,,,,,,,,,0,,,,,,,
,,,,1,3,,,,,0,,,1,,,,,,,,,,,denisradinski,,,,,,,0,,,,,,,,,,,,,,,,,,,,,,,,,,,,,,,,,,,,,,,,,0,,,,,,,
,,,,,16,,,,,0,,,2,,,,,,,,,,,derekpwwong,,,,,,,1,,,,,,,,,1,,,,,,,,,,,,,,,,,,,,,,,,,8,,1,,,,,3,,,,,,,
,,,,,4,,,,,0,,,,,,,,,,,,,,sigmawaysinc,,,,,,,0,,,,,,,,,,,,,,,,,,,,,,,,,,,,,,,,,,,,,,,,,0,,,,,,,
,,,,,3,,,,,0,,,,,,,,,,1,,,,kemarinsore,,,,,,,4,,,,,,,,1,,,,,,,,,,,,,,,,,,,,,,,,,,,,,,,,,15,,,,,,,
,,,,,1,,,,,0,,,,,,,,,,,,,,groovejones,,,,,,,0,,,,,,,,,,,,,,,,,,,,,,,,,,,,,,,,,,1,,,,,,,0,,,,,,,
,,,,,1,,,,,0,,,,,,,,,,,,,,kopimahasiswa,,,,,,,0,,,,,,,,,,,,,,,,,,,,,,,,,,,,,,,,,,,,,,,,,0,,,,,,,
,,,,1,11,,,,,0,,,1,,,,,,3,2,,,,Nadelina,,,,,,,1,,,,,,,,,,,,,,,,,,,,,,,,,,,,,,,,,,2,,,,,,,3,,,,,,,
,,,,,1,,,,,0,,,,,,,,,,,,,,ash096,,,,,,,0,,,,,,,,,,,,,,,,,,,,,,,,,,,,,,,,,,,,,,,,,0,,,,,,,
,,,,,4,,,,,2,,,,,,,,,,1,,,,ZhangBolunFE,,,,,,,8,,,,,,,,,,,,,,,,,,,,,,,,,,,,,,,,,,3,,,,,,,6,,,,,,,
,,,,,3,,,,,0,,,,,,,,,,,,,,PrabhjotSingh03,,,,,,,0,,,,,,,,3,,,,,,,,,,,,,,,,,,,,,,,,,,,,,,,,,0,,,,,,,
,,,,,19,,,,,3,,,,,8,,,,,1,,,,NancyGomez,,,,,,,1,,,,,,,,6,,,,,,,,,1,,,,,,,2,,,,,,,,,,1,,,,,,,0,,,,,,,
,,,,,1,,,,,0,,,,,,,,,,,,,,Klausto,,,,,,,0,,,,,,,,1,,,,,,,,,,,,,,,,,,,,,,,,,,,,,,,,,0,,,,,,,
,,,,,2,,,,,0,,,,,,,,,,,,,,gojosie,,,,,,,0,,,,,,,,,,,,,,,,,,,,,,,,,,,,,,,,,,1,,,,,,,0,,,,,,,
,,,,,1,,,,,0,,,,,,,,,,,,,,jaysundahl,,,,,,,0,,,,,,,,,,,,,,,,,,,,,,,,,,,,,,,,,,,,,,,,,0,,,,,,,
,,,,,29,,,,,0,,,,,12,,,,,1,,,,AliFenton,,,,,,,1,,,,,,,,,,,,,,,,,1,,,,,,,11,,,,,,,,,,1,,1,,,,,0,,,,,,,
,,,,1,2,,,,,0,,,,,,,,,,,,,,Wyras,,,,,,,0,,,,,,,,,,,,,,,,,,,,,,,,,,,,,,,,,,,,,,,,,0,,,,,,,
,,,,1,7,,,,1,1,,,,,,,,,,,,,,siddheswarc,,,,,,,2,,,,,,,,2,,,,,,,,,3,,,,,,,,,,,,,,,,,,,,,,,,2,,,,,,,
,,,,,1,,,,,0,,,,,,,,,,,,,,Jnn555,,,,,,,0,,,,,,,,,,,,,,,,,,,,,,,,,,,,,,,,,,,,,,,,,0,,,,,,,
,,,,1,4,,,,,0,,,,,,,,,,,,,,aalvarado5,,,,,,,1,,,,,,,,,,,,,,,,,,,,,,,,,,,,,,,,,,,,,,,,,0,,,,,,,
,,,,1,8,,,,,0,,,,,,,,,1,,,,,sailmohamed,,,,,,,0,,,,,,,,6,,,,,,,,,,,,,,,,,,,,,,,,,,,,,,,,,0,,,,,,,
,,,,,4,,,,,1,,,,,,,,,,2,,,,corres2,,,,,,,0,,,,,,,,,,,,,,,,,,,,,,,,,,,,,,,,,,1,,,,,,,1,,,,,,,
,,,,,4,,,,,0,,,,,,,,,,1,,,,urso0825,,,,,,,0,,,,,,,,1,,,,,,,,,,,,,,,,1,,,,,,,,,,1,,,,,,,0,,,,,,,
,,,,,1,,,,,0,,,,,,,,,,,,,,Kaljuloss,,,,,,,0,,,,,,,,,,,,,,,,,,,,,,,,,,,,,,,,,,,,,,,,,0,,,,,,,
,,,,,1,,,,,0,,,,,,,,,,,,,,Kaljuloss,,,,,,,0,,,,,,,,,,,,,,,,,,,,,,,,,,,,,,,,,,,,,,,,,0,,,,,,,
,,,,,2,,,,,0,,,,,,,,,2,,,,,jchooge,,,,,,,2,,,,,,,,,,,,,,,,,,,,,,,,,,,,,,,,,,,,,,,,,2,,,,,,,
,,,,2,3,,,,,1,,,,,,,,,,,,,,Nairnei,,,,,,,2,,,,,,,1,,,,,,,,,,,,,,,,,,,,,,,,,,,,,,,,,,5,,,,,,,
,,,,,2,,,,,0,,,,,,,,,,,,,,ncc1701k,,,,,,,0,,,,,,,,,,,,,,,,,1,,,,,,,1,,,,,,,,,,,,,,,,,0,,,,,,,
,,,,2,5,,,,,0,,,,,,,,,,,,,,marquel22,,,,,,,0,,,,,,,,,,,,,,,,,,,,,,,,,,,,,,,,,,,,,,,,,0,,,,,,,
,,,,,1,,,,,0,,,,,,,,,,,,,,joemola,,,,,,,0,,,,,,,,,,,,,,,,,,,,,,,,,,,,,,,,,,,,,,,,,0,,,,,,,
,,,,,1,,,,,0,,,,,,,,,,,,,,tripeygo,,,,,,,0,,,,,,,,,,,,,,,,,,,,,,,,,,,,,,,,,,,,1,,,,,0,,,,,,,
,,,,,6,,,,,0,,,,,,,,,,1,1,,,filipino-inquisitor,,,,,,,1,,,,,,,,,,1,,,,,,,,,,,,,,,,,,,,,,,,,,,,,,,0,,,,,,,
,,,,,5,,,,,0,,,,,,,,,,,,,,mlawless1,,,,,,,0,,,,,,,,,,,,,,,,,,,,,,,,,,,,,4,,,,,,,,,,,,0,,,,,,,
,,,,,1,,,,,0,,,,,,,,,,,,,,S-Yasunaga,,,,,,,0,,,,,,,,1,,,,,,,,,,,,,,,,,,,,,,,,,,,,,,,,,0,,,,,,,
,,,,,4,,,,,0,,,,,,,,,,3,,,,dianayada,,,,,,,1,,,,,,,,,,,,,,,,,,,,,,,,,,,,,,,,,,1,,,,,,,0,,,,,,,
,,,,,1,,,,,0,,,,,,,,,,,,,,mithileshanup,,,,,,,0,,,,,,,,,,,,,,,,,,,,,,,,,,,,,,,,,,,,,,,,,0,,,,,,,
,,,,4,17,,,,,0,,,,,,,,,,5,,,,edielmendez,,,,,,,0,,,,,,,,,,,,,,,,,,,,,,,,,,,,,,,,,,6,,1,,,,,0,,,,,,,
,,,,,1,,,,,0,,,,,,,,,,,,,,bigboybenny,,,,,,,0,,,,,,,,,,,,,,,,,,,,,,,,,,,,,,,,,,,,,,,,,0,,,,,,,
,,,,1,11,,,,,1,,,1,,,,,,,,,,,bhanu7755,,,,,,,10,,,,,,,,,2,,,,,,1,,,,,,,,,,,,,,,,,,,2,,2,,,,,1,,,,,,,
,,,,,6,,,,,0,,,,,,,,,2,1,,,,mukeshverma016,,,,,,,0,,,,,,,,,,,,,,,,,,,,,,,,,,,,,,,,,,1,,1,,,,,0,,,,,,,
,,,,,1,,,,,70,,,,,,,,,,,,,,CigarProject,,,,,,,0,,,,,,,,,,,,,,,,,,,,,,,,,,,,,,,,,,1,,,,,,,0,,,,,,,
,,,,,5,,,,,0,,,,,,,,,,,,,,WiSiHe,,,,,,,0,,,,,,,,,,,,,,,,,,,,,,,,,,,,,,,,,,3,,,,,,,0,,,,,,,
,,,,,1,,,,,0,,,,,,,,,,,,,,sebastiankelle,,,,,,,0,,,,,,,,,,,,,,,,,,,,,,,,,,,,,,,,,,1,,,,,,,0,,,,,,,
,,,,,6,,,,,0,,,,,,,,,,,,,,Zi0dyne,,,,,,,0,,,,,,,,,,,,,,,,1,,,,,,,,,,,,,,,,,,4,,,,,,,0,,,,,,,
,,,,48,63,,,,,2,,,,,,,,,,1,,,,Gamis214,,,,,,,2,,,,,,,1,,,,,,,,,,,,,,,,,,,,,,,,,,,,,,,,,,5,,,,,,,
,,,,,5,,,,,0,,,,,,,,,1,,,,,luisesparza26,,,,,,,0,,,,,,,,,,,,,,,,,,,,,,,,,,,,,,,,,,2,,,,,,,0,,,,,,,
,,,,2,9,,,,,0,,,,,,,,,1,,,,,pratap101,,,,,,,0,,,,,,,,3,,,,,,,,,,,,,,,,,,,,,,,,,,,,,,,,,0,,,,,,,
,,,,,7,,,,,0,,,,,,,,,,,,,,oenglander,,,,,,,0,,,,,,,,,,,,,,,,,,,,,,,,,,,,,3,,,,,,,,,,,,0,,,,,,,
,,,,,1,,,,,0,,,,,,,,,,,,,,bekna2001,,,,,,,0,,,,,,,,,,,,,,,,,,,,,,,,1,,,,,,,,,,,,,,,,,0,,,,,,,
,,,,1,2,,,,,0,,,,,,,,,1,,,,,viviou1325,,,,,,,0,,,,,,,,,,,,,,,,,,,,,,,,,,,,,,,,,,,,,,,,,0,,,,,,,
,,,,,1,,,,,0,,,,,,,,,,,,,,RonaldoTerto,,,,,,,0,,,,,,,,,,,,,,,,,,,,,,,,,,,,,,,,,,,,,,,,,0,,,,,,,
,,,,,4,,,,,0,,,1,,,,,,,1,,,,dpaz-developer,,,,,,,0,,,,,,,,,,,,,,,,,,,,,,,,,,,,,,,,,,1,,1,,,,,0,,,,,,,
,,,,,6,,,,,0,,,,,,,,,1,3,,,,codecodepark,,,,,,,0,,,,,,,,,,,,,,,,,,,,,,,,,,,,,,,,,,,,,,,,,0,,,,,,,
,,,,,2,,,,,0,,,,,,,,,,,,,,JuBouillet,,,,,,,0,,,,,,,,,,,,,,,,,,,,,,,,,,,,,,,,,,2,,,,,,,0,,,,,,,
,,,,,1,,,,,0,,,,,,,,,1,,,,,kbatraSMG,,,,,,,0,,,,,,,,,,,,,,,,,,,,,,,,,,,,,,,,,,,,,,,,,0,,,,,,,
,,,,,9,,,,,0,,,,,1,,,,,,,,,Thili77,,,,,,,0,,,,,1,,,,,,,,,,,,,,,,,,,,,,,,,,,,,3,,1,,,,,0,,,,,,,
,,,,2,5,,,,,0,,,,,,,,,,,,,,vladimir-paramuzov,,,,,,,0,,,,,,,,1,,,,,,,,,,,,,,,,1,,,,,,,,,,,,,,,,,0,,,,,,,
,,,,,5,,,,,0,,,,,,,,,,1,,,,gramgit,,,,,,,0,,,,,,,,,,,,,,,,2,,,,,,,,,,,,,,,,,,2,,,,,,,0,,,,,,,
,,,,,2,,,,,0,,,,,,,,,,,,,,mhall246,,,,,,,0,,,,,,,,,,,,,,,,,,,,,,,,,,,,,,,,,,,,1,,,,,0,,,,,,,
,,,,1,2,,,,,0,,,,,,,,,1,,,,,josemperezv,,,,,,,0,,,,,,,,,,,,,,,,,,,,,,,,,,,,,,,,,,,,,,,,,0,,,,,,,
,,,,1,2,,,,,0,,,,,,,,,,,,,,ferrancugat,,,,,,,0,,,,,,,,,,,,,,,,,,,,,,,,,,,,,,,,,,,,,,,,,0,,,,,,,
,,,,,1,,,,,0,,,,,,,,,,,,,,iagomedeiros2,,,,,,,0,,,,,,,,,,,,,,,,,,,,,,,,,,,,,,,,,,,,,,,,,0,,,,,,,
,,,,1,9,,,,,0,,,,,,,,,,1,1,,,SuperPluck,,,5,,,,1,,,,,,,,,,,,,,,,,,,,,,,,,,,,,,,,,,1,,,,,,,1,,,,,,,
,,,,,2,,,,,2,,,,,,,,,,,,,,GORywwyN,,,,,,,0,,,,,,,,,,,,,,1,,,,,,,,,,,,,,,,,,,,,,1,,,,,0,,,,,,,
,,,,4,8,,,,,0,,,,,,,,,,1,,,,Ksenia-Liapina,,,,,,,0,,,,,,,,,,,,,,,,,,,,,,,,,,,,,,,,,,2,,,,,,,0,,,,,,,
,,,,,1,,,,,0,,,,,,,,,,,,,,warudkar,,,,,,,0,,,,,,,,,,,,,,,,,,,,,,,,,,,,,,,,,,,,,,,,,0,,,,,,,
,,,,,7,,,,,0,,,,,,1,,,,,,,,mdamoemc,,,,,,,1,,,,,,,,2,,,,,,,,,,,,,,,,,,,,,2,,,,,,,,,,,,0,,,,,,,
,,,,,1,,,,,0,,,,,,,,,,,,,,4lch3m1st,,,,,,,0,,,,,,,,,,,,,,,,,,,,,,,,,,,,,,,,,,,,,,,,,0,,,,,,,
,,,,,5,,,,,0,,,,,,,,,,,,,,muno5553,,,,,,,1,,,,1,,,,1,,,,,,,,,,,,,,,,2,,,,,,,,,,,,,,,,,0,,,,,,,
,,,,,4,,,,,0,,,,,,,,,,,,,,tringuyen17588,,,,,,,1,,,,,,,,3,,,,,,,,,,,,,,,,,,,,,,,,,,,,,,,,,0,,,,,,,
,,,,3,3,,,,,0,,,,,,,,,,,,,,Mihail1996,,,,,,,2,,,,,,,,,,,,,,,,,,,,,,,,,,,,,,,,,,,,,,,,,1,,,,,,,
,,,,,3,,,,,1,,,,,,,,,,1,,,,shiraai,,,,,,,0,,,,,,,,,,,,,,,1,,,,,,,,,,,,,,,,,,,1,,,,,,,0,,,,,,,
,,,,,3,,,,,1,,,,,,,,,,1,,,,shiraai,,,,,,,0,,,,,,,,,,,,,,,1,,,,,,,,,,,,,,,,,,,1,,,,,,,0,,,,,,,
,,,,,2,,,,,0,,,,,,,,,1,,,,,truedotink,,,,,,,0,,,,,,,,,,,,,,,,1,,,,,,,,,,,,,,,,,,,,,,,,,0,,,,,,,
,,,,,1,,,,,0,,,,,,,,,,,,,,metrojoa,,,,,,,0,,,,1,,,,,,,,,,,,,,,,,,,,,,,,,,,,,,,,,,,,,1,,,,,,,
,,,,,2,,,,,0,,,1,,,,,,,,,,,vince2925,,,,,,,0,,,,,,,,,,,,,,,,,,,,,,,,,,,,,,,,,,,,1,,,,,0,,,,,,,
,,,,1,1,,,,,0,,,,,,,,,,,,,,Ravneet-Singh,,,,,,,0,,,,,,,,,,,,,,,,,,,,,,,,,,,,,,,,,,,,,,,,,1,,,,,,,
,,,,31,61,,,,,15,,,,,,,,,,2,,,,tobydigz,,,,,,,34,,1,,2,,,6,2,1,,,,,,,3,,,,,,,,1,,,,,,,,,,8,,,,,,,34,,,,,,,
,,,,,18,,,,,0,,,,,,,,,,,,,,zantaiguocheng,,,,,,,0,,,,,,,,12,,,,,,,,,,,,,,,,,,,,,,,,,,,,2,,,,,0,,,,,,,
,,,,,1,,,,,0,,,,,,,,,,,,,,vivek099,,,,,,,0,,,,,,,,,,,,,,,,1,,,,,,,,,,,,,,,,,,,,,,,,,0,,,,,,,
,,,,,1,,,,,0,,,,,,,,,1,,,,,reverya,,,,,,,0,,,,,,,,,,,,,,,,,,,,,,,,,,,,,,,,,,,,,,,,,0,,,,,,,
,,,,,1,,,,,0,,,,,,,,,,,,,,undlmaps,,,,,,,0,,,,,,,,,,,,,,,,,,,,,,,,,,,,,,,,,,,,,,,,,0,,,,,,,
,,,,1,34,,,,,1,,,,,18,,,,2,,,,,lingmin99,,,,,,,0,,,,1,6,,,,,,,,,,,,,,,,,,,,,,,,,,,,,2,,1,,,,1,0,,,,,,,
,,,,1,11,,,,,0,,,,,,,,,,2,,,,phanesreston,,,,,,,2,,,,,,,,1,,,,,,,,1,,,,,,,,1,,,,,,,,,,,,,,,,,2,,,,,,,
,,,,,1,,,,,0,,,,,,,,,,,,,,harishnaik,,,,,,,0,,,,,,,,,,,,,,,,,,,,,,,,,,,,,,,,,,,,,,,,,0,,,,,,,
,,,,,2,,,,,0,,,1,,,,,,,,,,,thilija,,,,,,,0,,,,,,,,,,,,,,,,,,,,,,,,,,,,,,,,,,,,,,,,,0,,,,,,,
,,,,,3,,,,,0,,,,,,,,,,1,,,,miriah,,,,,,,2,,,,,,,,,,,,,,,,,,,,,,,,,,,,,,,,,,,,2,,,,,0,,,,,,,
,,,,,1,,,,,0,,,,,,,,,,,,,,cdtxybrjd,,,,,,,0,,,,,,,,,,,,,,,,,,,,,,,,,,,,,,,,,,,,,,,,,0,,,,,,,
,,,,,2,,,,,0,,,,,,,,,,,,,,saurabh-shringarpure,,,,,,,0,,,,,,,,,,,,,,,,,,,,,,,,1,,,,,,,,,,,,,,,,,0,,,,,,,
,,,,,3,,,,,0,,,1,,,,,,,,,,,morkhal,,,,,,,3,,,,,,,,,,,,,,,,,,,,,,,,,,,,,,,,,,,,,,,,,0,,,,,,,
,,,,,1,,,,,0,,,,,,,,,,,,,,gmn214,,,,,,,0,,,,,,,,,,,,,,,,,,,,,,,,,,,,,,,,,,,,,,,,,0,,,,,,,
,,,,,2,,,,,0,,,,,,,,,,,,,,Snowlanuck,,,,,,,1,,,,1,,,,,,,,,,,,,,,,,,,,,,,,,,,,,,,,,,,,,1,,,,,,,
,,,,4,5,,,,,0,,,,,,,,,,,,,,hbdalgic,,,,,,,0,,,,,,,,,,,,,,,,,,,,,,,,,,,,,,,,,,,,,,,,,2,,,,,,,
,,,,,3,,,,,0,,,,,,,,,,,,,,slavust,,,,,,,0,,,,,,,,2,,,,,,,,,,,,,,,,,,,,,,,,,,,,,,,,,0,,,,,,,
,,,,,2,,,,,0,,,,,,,,,,,,,,ryanzheng2010,,,,,,,0,,,,,,,,,,,,,,,,,,,,,,,,,,,,,,,,,,,,,,,,,0,,,,,,,
,,,,,1,,,,,0,,,,,,,,,,,,,,Schillar,,,,,,,0,,,,,,,,1,,,,,,,,,,,,,,,,,,,,,,,,,,,,,,,,,0,,,,,,,
,,,,,5,,,,,0,,,,,,,,,,,,,,lucassteinvascher,,,,,,,2,,,,,,,,2,,,,,,,,1,,,,,,,,,,,,,,,,,,,,1,,,,,5,,,,,,,
,,,,1,7,,,,,0,,,,1,,,,,,,,,,JoaoVitorMalvestio,,,,,,,5,,,,,,,,,,,,,,,,,,,,,,,,1,,,,,,,,,,1,,,,,,,5,,,,,,,
,,,,,2,,,,,0,,,1,,,,,,,,,,,Bill-Robinson63,,,,,,,0,,,,,,,,,,,,,,,,,1,,,,,,,,,,,,,,,,,,,,,,,,0,,,,,,,
,,,,,6,,,,,0,,,,,,,,,,1,,,,srvenneti,,,,,,,0,,,,,,,,3,,,,,,,,,,,,,,,,1,,,,,,,,,,,,,,,,,0,,,,,,,
,,,,,1,,,,,0,,,,,,,,,,,,,,Prakruti05,,,,,,,0,,,,,,,,1,,,,,,,,,,,,,,,,,,,,,,,,,,,,,,,,,0,,,,,,,
,,,,,1,,,,,0,,,,,,,,,,,,,,GigaByteRex,,,,,,,0,,,,,,,,,,,,,,,,1,,,,,,,,,,,,,,,,,,,,,,,,,1,,,,,,,
,,,,,1,,,,,0,,,,,,,,,,1,,,,tonyazevedo,,,,,,,0,,,,,,,,,,,,,,,,,,,,,,,,,,,,,,,,,,,,,,,,,0,,,,,,,
,,,,,2,,,,,0,,,,,,,,,,1,,,,MPatel98637,,,,,,,0,,,,,,,,,,,,,,,,,,,,,,,,,,,,,,,,,,1,,,,,,,0,,,,,,,
,,,,,1,,,,,0,,,1,,,,,,,,,,,pulak40,,,,,,,0,,,,,,,,,,,,,,,,,,,,,,,,,,,,,,,,,,,,,,,,,0,,,,,,,
,,,,,3,,,,,0,,,,,,,,,,,,,,hossamsebaa,,,,,,,0,,,,,,,,,,,,,,,,,,,,,,,,,,,,,2,,,,,,,,,,,,0,,,,,,,
,,,,,3,,,,,0,,,,,,,,,1,,,,,sporesttrav,,,,,,,0,,,,,,,,,,,,,,,,,,,,,,,,,,,,,,,,,,1,,,,,,,0,,,,,,,
,,,,,1,,,,,0,,,,,,,,,,,,,,ajittua,,,,,,,0,,,,,,,,,,,,,,,,,,,,,,,,,,,,,,,,,,,,,,,,,0,,,,,,,
,,,,,9,,,,,1,,,,,,,,,,1,,,,robindar,,,,,,1,5,,,,1,,,,1,,,,,,,,1,1,,,,1,,,,,,,,,,,,,,2,,,,,,0,,,,,,,
,,,,,9,,,,,0,,,,,,,,,,,,,,sethshines,,,,,,,0,,,,,,,,,1,,,,,,,,,,,,,,,,,,,,,,,,,7,,,,,,,3,,,,,,,
1,,,,,5,,,,,3,,,,,,,,,,,,,,ecotecnologias,,,,,,,5,,,,,,,,3,,,,,,,,,,,,,,,,,,,,,1,,,,,,,,,,,,4,,,,,,,
,,,,,2,,,,,0,,,,,,,,,1,,,,,cleberpicolo,,,,,,,0,,,,,,,,,,,,,,,,,,,,,,,,,,,,,,,,,,1,,,,,,,0,,,,,,,
,,,,,1,,,,,0,,,,,,,,,,,,,,rahulogy,,,,,,,1,,,,,,,,,,,,,,,,,,,,,,,,,,,,,,,,,,,,,,,,,1,,,,,,,
,,,,,5,,,,,0,,,,,,,,,1,,,,,Raxer971,,,,,,,1,,,,,,,,,,,,,,,,,,,,,,,,,,,,,,,,,,,,,,,,,1,,,,,,,
,,9,,1,34,,,,,27,,,,,,,1,,,,1,,,PsyMan47,,,,,,,21,,,,12,,,,,,,,,,,,,,,,,,,,5,,,,,,,,,,1,,,,,,,7,,,,,,,
,,,,1,1,,,,,0,,,,,,,,,,,,,,jczuohz,,,,,,,0,,,,,,,,,,,,,,,,,,,,,,,,,,,,,,,,,,,,,,,,,0,,,,,,,
,,1,,,10,,,,,0,,,,,,,,,,1,,,,npham014,,,,,,,0,,,,,,,,,,,,,,,,,,,,,,,,6,,,,,,,1,,,1,,,,,,,1,,,,,,,
,,,,,2,,,,,0,,,,,,,,,,,,,,JasielJimenez,,,,,,,1,,,,,,,,,,,,,,,,,,,,,,,,1,,,,,,,,,,,,,,,,,0,,,,,,,
,,,,,2,,,,,0,,,,,,,,,,,,,,JackieMach,,,,,,,1,,,,,,,,,,,,,,,,1,,,,,,,,1,,,,,,,,,,,,,,,,,1,,,,,,,
,,,,,1,,,,,0,,,,,,,,,,,,,,moshenahon,,,,,,,0,,,,,,,,,,,,,,,,,,,,,,,,,,,,,,,,,,,,,,,,,0,,,,,,,
,,,,,4,,,,,0,,,,,,,,,,,,,,ericchang123,,,,,,,0,,,,1,,,,,,,,,,,,,,,,,,,,2,,,,,,,,,,,,,,,,,0,,,,,,,
,,,,,2,,,,,0,,,,,,,,,,,,,,JasielJimenez,,,,,,,1,,,,,,,,,,,,,,,,,,,,,,,,1,,,,,,,,,,,,,,,,,0,,,,,,,
,,,,,2,,,,,0,,,,,,,,,,,,,,JackieMach,,,,,,,1,,,,,,,,,,,,,,,,1,,,,,,,,1,,,,,,,,,,,,,,,,,1,,,,,,,
,,,,,1,,,,,0,,,,,,,,,,,,,,moshenahon,,,,,,,0,,,,,,,,,,,,,,,,,,,,,,,,,,,,,,,,,,,,,,,,,0,,,,,,,
,,,,,4,,,,,0,,,,,,,,,,,,,,ericchang123,,,,,,,0,,,,1,,,,,,,,,,,,,,,,,,,,2,,,,,,,,,,,,,,,,,0,,,,,,,
,,,,2,11,,,,,3,,,1,,,,,,1,,,,,psette,,,,,,,2,,,,,1,,,1,,,,,,,,,,,,,,,,3,,,,,,,,,,,,,,,,,5,,,,,,,
,,,,,8,,,,,0,,,1,,,,,,,1,,,,mustafaogdur,,,,,,,4,,,,1,,,,1,,,,,,,,,,,,,,,,1,,,,,,,,,,,,,,,,,13,,,,,,,
,,,,,4,,,,,0,,,,,,,,,,1,,,,mmira014,,,,,,,1,,,,2,,,,,,,,,,,,,,,,,,,,1,,,,,,,,,,,,,,,,,1,,,,,,,
,,,,,2,,,,,0,,,,,,,,,,,,,,sixclicksaway,,,,,,,0,,,,,,,,,,,,,,,,,,,,,,,,,,,,,,,,,,,,,,,,,0,,,,,,,
,,,,,18,,,1,,44,,,,,,,,,,,1,,,dlmacedo,,,,,,,16,,,,,,,,12,,,,,,1,,,,,,,,,,,,,,,1,,,,,,,,,,,,1,,,,,,,
,,,,,1,,,,,0,,,1,,,,,,,,,,,CharlieTheSwede,,,,,,,0,,,,,,,,,,,,,,,,,,,,,,,,,,,,,,,,,,,,,,,,,0,,,,,,,
,,,,,1,,,,,0,,,,,,,,,,,,,,stripolias,,,,,,,0,,,,,,,,,,,,,,,,,,,,,,,,,,,,,,,,,,,,,,,,,0,,,,,,,
,,,,,3,,,,,1,,,,,,,,,,,,,,jzena001,,,,,,,0,,,,,,,,1,,,,,,,,,,,,,,,,1,,,,,,,,,,,,,,,,,0,,,,,,,
,,,,,1,,,,,0,,,,,,,,,,,,,,cs2108,,,,,,,0,,,,,,,,,,,,,,,,,,,,,,,,,,,,,,,,,,,,,,,,,0,,,,,,,
,,,,,3,,,,,0,,,,,,,,,,1,,,,zylinux,,,,,,,0,,,,,,,,,,,,,,,,,,,,,,,,1,,,,,,,,,,,,,,,,,2,,,,,,,
,,,,1,3,,,,,0,,,,,,,,,,,,,,dnguy117,,,,,,,0,,,,,,,,,,,,,,,,,,,,,,,,1,,,,,,,,,,,,,,,,,0,,,,,,,
,,,,,6,,,,,0,,,,,,,,,,,,,,urwari,,,,,,,0,,,,,,,,,,,,,,,,,,,,,,,,3,,,,,,,,,,,,,,,,,0,,,,,,,
,,,,,1,,,,,0,,,,,,,,,,1,,,,kendall98,,,,,,,0,,,,,,,,,,,,,,,,,,,,,,,,,,,,,,,,,,,,,,,,,0,,,,,,,
,,,,,2,,,,,0,,,1,,,,,,,,,,,eduardoacsouza,,,,,,,0,,,,,,,,,,,,,,,,,,,,,,,,1,,,,,,,,,,,,,,,,,0,,,,,,,
,,,,,1,,,,,0,,,,,,,,,,,,,,nwcooper2004,,,,,,,0,,,,,,,,,,,,,,,,,,,,,,,,,,,,,,,,,,,,,,,,,0,,,,,,,
,,,,,7,,,,,0,,,,,,,,,,,,,,bydansouza,,,,,,,4,,,,2,,,,,,,1,,,1,,,,,,,,,,1,,,,,,,,,,,,,,,,,6,,,,,,1,
,,,,,8,,,,,0,,,,,,,,,,3,,,,Fewd69-Instructors,,,,,,,0,,,,,,,,,,,,,,,,,,,,,,,,,,,,,,,,,,,,1,,,,,0,,,,,,,
,,,,,2,,,,,2,,,,,,,,,,1,,,,gestalta,,,,,,,1,,,,,,,,,,,,,,,,,,,,,,,,,,,,,,,,,,,,1,,,,,1,,,,,,,
,,,,,1,,,,,0,,,,,,,,,,,1,,,Stukka,,,,,,,0,,,,,,,,,,,,,,,,,,,,,,,,,,,,,,,,,,,,,,,,,0,,,,,,,
,,,,,2,,,,,0,,,,,,,,,,,,,,risserj,,,,,,,0,,,,1,,,,,,,,,,,,,,,,,,,,,,,,,,,,,,,,,,,,,0,,,,,,,
,,,,,28,,,,,0,,,,,,3,,,,,,,,vinodma,,,,,,,0,,,,,,,,4,,,,,,,,,6,,,,,,,1,,,,,2,,,,,6,,,,,,,0,,,,,,,
,,,,1,1,,,,,0,,,,,,,,,,,,,,d-zhang,,,,,,,0,,,,,,,,,,,,,,,,,,,,,,,,,,,,,,,,,,,,,,,,,0,,,,,,,
,,,,,5,,,,,0,,,,,,,,,,,,,,heitorpacheco,,,,,,,0,,,,,,,,,,,,,,,,,,,,,,,,,,,,,,,,,,3,,,,,,,0,,,,,,,
,,,,,2,,,,,0,,,,,,,,,,,,,,atruo018,,,,,,,0,,,,1,,,,,,,,,,,,,,,,,,,,1,,,,,,,,,,,,,,,,,0,,,,,,,
,,,,,1,,,,,0,,,,,,,,,,,,,,ilyasmohd,,,,,,,0,,,,,,,,,,,,,,,,,,,,,,,,,,,,,,,,,,,,,,,,,0,,,,,,,
,,,,,3,,,,,0,,,,,,,,,,,,,,AlexanderArapov,,,,,,,0,,,,,,,,,,,,,,,,,,,,,,,,,,,,,,,,,,,,,,,,,0,,,,,,,
,,,,1,1,,,,,0,,,,,,,,,,,,,,WeDontNeedNoDocumentation,,,,,,,0,,,,,,,,,,,,,,,,,,,,,,,,,,,,,,,,,,,,,,,,,0,,,,,,,
,,,,,7,,,,,0,,,,,,,,,,1,,,,r-caldera,,,,,,,1,,,,,,,,,,,,,,,,,,,,,,,,,,1,,,,,,,,4,,1,,,,,0,,,,,,,
,,,,1,35,,,,,3,,,,,,,,,5,2,,,,aldo774,,,,,,,20,,,,,,,,9,,,,,,,,1,,,,,,,,,,,,,,,,,,11,,1,2,,,,22,,,,,,,
,,,,,2,,,,,0,,,,,,,,,,,,,,nillviod,,,,,,,0,,,,,,,,,,,,,,,,,,,,,,,,,,,,,,,,,,,,,,,,,0,,,,,,,
,,,,,1,,,,,0,,,,,,,,,,,,,,sowjanya-p,,,,,,,0,,,,,,,,,,,,,,,,,,,,,,,,,,,,,,,,,,1,,,,,,,0,,,,,,,
,,,,,4,,,,,0,,,,,,,,,,,,,,hjime008,,,,,,,0,,,,1,,,,,,,,,,,,,,,,,,,,3,,,,,,,,,,,,,,,,,0,,,,,,,
,,,,3,4,,,,,0,,,,,,,,,,,,,,Q4Tech,,,,,,,0,,,,,,,,,,,,,,,,,,,,,,,,,,,,,,,,,,,,,,,,,0,,,,,,,
,,,,,17,,,,,0,,,,,,,,,,4,,,,mattmcd71,,,,,,,1,,,,,,,,,,,,,,,,,,,,,,,,1,,,,,6,,,,,,,,,,,,1,,,,,,,
,,,,,1,,,,,0,,,,,,,,,,,,,,WonderSolutions,,,,,,,0,,,,,,,,,,,,,,,,,,,,,,,,,,,,,,,,,,,,,,,,,0,,,,,,,
,,,,,1,,,,,0,,,,,,,,,,,,,,aulyman,,,,,,,0,,,,,,,,1,,,,,,,,,,,,,,,,,,,,,,,,,,,,,,,,,0,,,,,,,
,,,,,3,,,,,0,,,,,,,,,,,,,,hithisisneel,,,,,,,0,,,1,,,,,,,,,,,,,,,,,,,,,,,,,,,,,,,1,,,,,,,0,,,,,,,
,,,,,1,,,,,0,,,,,,,,,,,,,,swankc,,,,,,,0,,,,,,,,,,,,,,,,,,,,,,,,,,,,,,,,,,,,,,,,,0,,,,1,,,
,,,,,14,,,,,0,,,1,,,,,,1,1,2,,,printy,,,,,,,0,,,,,,,,4,,,,,,,,1,,,,,,,,,,,,,,,,,,1,,2,,,,,2,,,,,,,
,,,,4,4,,,,,0,,,,,,,,,,,,,,bhsat,,,,,,,0,,,,,,,,,,,,,,,,,,,,,,,,,,,,,,,,,,,,,,,,,0,,,,,,,
,,,,,2,,,,,0,,,,,,,,,,1,,,,RJ-git,,,,,,,0,,,,,,,,,,,,,,,,,,,,,,,,,,,,,,,,,,,,,,,,,0,,,,,,,
,,,,,1,,,,,0,,,,,,,,,,,,,,PFIZERLATAMNAGRIA,,,,,,,0,,,,,,,,,,,,,,,,,,,,,,,,,,,,,,,,,,,,,,,,,0,,,,,,,
,,,,,1,,,,,0,,,,,,,,,,,,,,billa-mama,,,,,,,0,,,,,,,,1,,,,,,,,,,,,,,,,,,,,,,,,,,,,,,,,,0,,,,,,,
,,,,,1,,,,,0,,,,,,,,,,,,,,DinaT,,,,,,,0,,,,,,,,,,,,,,,,,,,,,,,,,,,,,,,,,,,,,,,,,0,,,,,,,
,,,,,1,,,,,0,,,,,,,,,,,,,,MaartenSeuntjens,,,,,,,0,,,,,,,,,,,,,,,,,,,,,,,,,,,,,,,,,,,,,,,,,0,,,,,,,
,,,,,27,,,,,20,,,,,,,,,,7,,,,HoustonUseRs,,,,,,,0,,,,,,,,,,,,,,,,,,,,,,,,,,,,,11,,,,,1,,,,,,,0,,1,,,,,
,,,,,1,,,,,0,,,,,,,,,,,,,,AsimJ12,,,,,,,0,,,,,,,,,,,,,,,,,,,,,,,,,,,,,,,,,,,,,,,,,0,,,,,,,
,,,,,1,,,,,0,,,,,,,,,,,,,,ankurjoshiblr,,,,,,,0,,,,,,,,,,,,,,,,,,,,,,,,,,,,,,,,,,1,,,,,,,0,,,,,,,
,,,,,1,,,,,0,,,,,,,,,,,,,,colemullen,,,,,,,0,,,,,,,,,,,,,,,,,,,,,,,,,,,,,,,,,,,,,,,,,1,,,,,,,
,,,,,3,,,,,0,,,,,,,,,2,,,,,hrustz,,,,,,,1,,,,,,,,,,,,,,,,,,,,,,,,,,,,,,,,,,,,,,,,,1,,,,,,,
,,,,,1,,,,,0,,,,,,,,,,,,,,colemullen,,,,,,,0,,,,,,,,,,,,,,,,,,,,,,,,,,,,,,,,,,,,,,,,,1,,,,,,,
,,,,,3,,,,,0,,,,,,,,,2,,,,,hrustz,,,,,,,1,,,,,,,,,,,,,,,,,,,,,,,,,,,,,,,,,,,,,,,,,1,,,,,,,
,,,,,1,,,,,0,,,,,,,,,,,,,,alshakhsmustafa,,,,,,,0,,,,,,,,,,,,,,,,,,,,,,,,1,,,,,,,,,,,,,,,,,0,,,,,,,
,,,,3,11,,,,,0,,,,,,,,,1,2,,,,vdseoane,,,,,,,0,,,,,,,,,,,,,,,,,,,,,,,,,,,,,,,,,,,,,,,,,0,,,,,,,
,,,,7,10,,,,,3,,,,,,,,,,,,,,Justis-Lamanna,,,,,,,0,,,,,,,,,1,,,,,,,,,,,,,,,,,,,,,,,,1,,,,,,,,2,,,,,,,
,,,,,11,,,,,0,,,,,,,,,8,1,,,,vika-b,,,,,,,3,,,,,,,,,,,,,,,,,,,,,,,,,,,,,,,,,,1,,,,,,,1,,,,,,,
,,,,,1,,,,,0,,,,,,,,,,,,,,mihaiuveronica,,,,,,,0,,,,,,,,,,,,,,,,,,,,,,,,,,,,,,,,,,,,,,,,,0,,,,,,,
,,,,,1,,,,,0,,,,,,,,,,,,,,GODZILLA520,,,,,,,0,,,,,,,,,,,,,,,,,,,,,,,,,,,,,,,,,,1,,,,,,,0,,,,,,,
,,,,,2,,,,,0,,,,,,,,,,,,,,tunganh123,,,,,,,0,,,,,,,,,,,,,,,,,,,,,,,,,,,,,,,,,,,,,,,,,0,,,,,,,
,,,,,1,,,,,0,,,,,,,,,,,,,,logandogfood2,,,,,,,0,,,,,,,,,,,,,,,,,,,,,,,,,,,,,,,,,,,,,,,,,0,,,,,,,
,,,,,15,,,,,2,,,,,,7,,,,,,1,,amarbajric,,,,,,,6,,,,,,,,1,1,,,,,,,,1,,,,,,,,,,,,,,,,,4,,,,,,,3,,,,,,,
,,,,2,9,,,,,1,,,,,,,,,,,,,,Al4k4zAn,,,,,,,4,,,,2,,,,,,,,,,,,3,,,,,,,,,,,,,,,,,,,,,,,,,24,,,,,,,
,,,,,2,,,,,0,,,,,,,,,,,,,,cstirasatian,,,,,,,0,,,,,,,,,,,,,,,,,,,,,,,,,,,,,,,,,,,,,,,,,0,,,,,,,
,,,,,1,,,,,0,,,,,,,,,,,,,,elib-spmn,,,,,,,0,,,,,,,,,,,,,,,,,,1,,,,,,,,,,,,,,,,,,,,,,,0,,,,,,,
,,,,1,9,,,,,0,,,,,,,,,,,,,,Scorks,,,,,,,2,,,,,,,,4,,,,,,,,,,,,,,,,3,,,,,,,,,,1,,,,,,,2,,,,,,,
,,,,9,18,,,,,0,,,,,,,,,1,1,,,,fenghuigithub,,,,,,,0,,,,,,,,,,,,,,,,,,,2,,,,,,,,1,,,,,,,3,,1,,,,,0,,,,,,,
,,,,,1,,,,,0,,,,,,,,,,1,,,,hsj294,,,,,,,1,,,,,,,,,,,,,,,,,,,,,,,,,,,,,,,,,,,,,,,,,0,,,,,,,
,,,,,2,,,,,0,,,1,,,,,,,,,,,daniloshimada,,,,,,,1,,,,,,,,,,,,,,,,,,,,,,,,,,,,,,,,,,,,,,,,,0,,,,,,,
,,,,,3,,,,,0,,,,,,,,,,,,,,brenosm,,,,,,,0,,,,,,,,,,,,,,,,,,,,,,,,,,,,,,,,,,,,,,,,,0,,,,,,,
,,,,1,2,,,,,0,,,,,,,,,,,,,,dexter-paras,,,,,,,0,,,,,,,,,,,,,,,,,,,,,,,,,,,,,,,,,,,,,,,,,1,,,,,,,
,,,,,2,,,,,0,,,,,,,,,,,,,,norkn,,,,,,,0,,,,,,,,1,,,,,,,,,,,,,,,,1,,,,,,,,,,,,,,,,,0,,,,,,,
,,,,2,12,,,,,0,,,,,,1,,,,1,,,,TheBloodMage,,,,,,,0,,,,,,,,,,,,,,,,,,,,,,,,,,,,,,,,,,2,,1,,,,,1,,,,,,,
,,,,,12,,,,,1,,,,,,,,,,1,,,,Danets,,,,,,,0,,,,,,,,,6,,,,,,,,,,,,,,,,,,,,,,,,,3,,2,,,,,1,,,,,,,
,,,,,14,,,,,0,,,,,,,,,,,,,,Achyuta-Mallavarapu,,,,,,,0,,,,,,,,,,,,,,,,,,,,,,,,,,,,,,,,,,,,,,,,,0,,,,,,,
,,,,,1,,,,,0,,,,,,,,,,,,,,CsgoSlots,,,,,,,0,,,,,,,,,,,,,,,,,,,,,,,,,,,,,,,,,,,,,,,,,0,,,,,,,
,,,,1,3,,,,,0,,,,,,,,,,,,,,Feelmywraft,,,,,,,0,,,,1,,,,,,,,,,,,,,,,,,,,,,,,,,,,,,,,,,,,,0,,,,,,,
,,,,,2,,,,,0,,,,,,,,,,,,,,Mikhail-Korshunov-m,,,,2,,,0,,,,,,,,,,,,,,,,,,,,,,,,,,,,,,,,,,,,,,,,,0,,,,,,,
,,,,,1,,,,,0,,,,,,,,,,,,,,Eddy1224,,,,,,,0,,,,,,,,,,,,,,,,,,,,,,,,,,,,,,,,,,,,,,,,,0,,,,,,,
,,,,,3,,,,,0,,,,,,,,,,1,,,,danyer17,,,,,,,0,,,,,,,,,,,,,,,,,,,,,,,,,,,,,1,,,,,,,,,,,,0,,,,,,,
,,,,1,2,,,,,0,,,,,,,,,,,,,,juliuskabugu,,,,,,,0,,,,,,,,,,,,,,,,,,,,,,,,,,,,,,,,,,1,,,,,,,0,,,,,,,
,,,,,4,,,,,0,,,,,,,,,,,,,,hero97,,,,,,,0,,,,,,,,,,,,,,,,,,,,,,,,,,,,,1,,,,,,,,,,,,0,,,,,,,
,,,,,1,,,,,0,,,,,,,,,,,,,,gomediatn,,,,,,,0,,,,,,,,,,,,,,,,,,,,,,,,,,,,,,,,,,,,,,,,,0,,,,,,,
,,,,,4,,,,,0,,,,,,,,,,1,,,,Akvilee,,,,,,,0,,,,,,,,,,,,,,,,1,,,,,,,,,,,,,,,,,,,,,,,,,0,,,,,,,
,,1,,1,5,,,,,0,,,,,,,,,1,,,,,mp0120,,,,,,,0,,,,,,,,,,,,,,,,,,,,,,,,,,,,,,,,,,1,,,,,,,0,,,,,,,
,,,,,1,,,,,0,,,,,,,,,,,,,,eklamm,,,,,,,0,,,,,,,,,,,,,,,,,,,,,,,,,,,,,,,,,,,,1,,,,,0,,,,,,,
,,,,,3,,,,,0,,,,,,,,,,,,,,100PercentHippo,,,,,,,0,,,,,,,,,,,,,,,,,,,,,,,,,,,,,,,,,,,,,,,,,0,,,,,,,
,,,,,3,,,,,0,,,,,,,,,,,,,,100PercentHippo,,,,,,,0,,,,,,,,,,,,,,,,,,,,,,,,,,,,,,,,,,,,,,,,,0,,,,,,,
,,,,,1,,,,,0,,,,,,,,,,1,,,,KentLiu123,,,,,,,0,,,,,,,,,,,,,,,,,,,,,,,,,,,,,,,,,,,,,,,,,0,,,,,,,
,,,,13,115,,,,,20354,,,1,,1,1,,,6,5,2,,,binhnguyennus,,,,,,,564,,1,,5,1,,,28,3,,1,,,3,,1,5,,,,,,,10,,,,,,,,,,11,,1,,1,,,2,,,,,,,
,,,,,2,,,,,0,,,,,,,,,,1,,,,polarbearit,,,,,,,0,,,,,,,,,,,,,,,,,,,,,,,,,,,,,,,,,,,,,,,,,0,,,,,,,
,,,,,1,,,,,0,,,,,,,,,,,,,,NotTheOriginalG,,,,,,,0,,,,,,,,,,,,,,,,,,,,,,,,,,,,,,,,,,,,,,,,,1,,,,,,,
,,,,,1,,,,,0,,,,,,,,,,,,,,David-at-GitHub,,,,,,,0,,,,,,,,,,,,,,,,,,,,,,,,,,,,,,,,,,,,,,,,,0,,,,,,,
,,,,3,12,,,,,0,,,,,,,,,,1,,,,Piotr1337,,,,,,,0,,,,,,,,,2,,,,,,,,,,,,,,,,,,,,,,,,,2,,,,,,,0,,,,,,,
,,,,1,1,,,,,0,,,,,,,,,,,,,,tmbrlk,,,,,,,0,,,,,,,,,,,,,,,,,,,,,,,,,,,,,,,,,,,,,,,,,0,,,,,,,
,,,,,1,,,,,0,,,,,,,,,,,,,,bcheeseboro,,,,,,,0,,,,,,,,1,,,,,,,,,,,,,,,,,,,,,,,,,,,,,,,,,0,,,,,,,
,,,,,2,,,,,3,,,,,,,,,,,,,,Microtelecom,,,,,,,0,,,,2,,,,,,,,,,,,,,,,,,,,,,,,,,,,,,,,,,,,,0,,,,,,,
,,,,1,5,,,,,0,,,,,,,,,1,,,,,oscar-bonet,,,,,,,0,,,,1,,,,,,,,,,,,,,,,,,,,,,,,,,,,,,,,,,,,,2,,,,,,,
,,,,,5,,,,,0,,,,,,,,,1,,,,,Mekom,,,,,,,0,,,,,,,,,,,,,,,,,,,,,,,,,,,,,,,,,,2,,,,,,,0,,,,,,,
,,,,1,3,,,,,5,,,1,,,,,,,,,,,oReshetitskij,,,,,,,6,,,,,,,,1,,,,,,,,,,,,,,,,,,,,,,,,,,,,,,,,,3,,,,,,,
,,,,1,2,,,,,0,,,,,,,,,,,,,,mjunior03,,,,,,,0,,,,,,,,,,,,,,,,,,,,,,,,,,,,,,,,,,,,,,,,,0,,,,,,,
,,,,,1,,,,,0,,,,,,,,,,,,,,brajansaraci,,,,,,,1,,,,,,,,,,,,,,,,,,,,,,,,,,,,,,,,,,,,,,,,,0,,,,,,,
,,,,,1,,,,,0,,,,,,,,,,,,,,jeffr006,,,,,,,0,,,,,,,,,,,,,,,,,,,,,,,,,,,,,,,,,,,,,,,,,0,,,,,,,
,,,,,1,,,,,0,,,,,,,,,,,,,,kierongodden,,,,,,,0,,,,,,,,,,,,,,,,,,,,,,,,,,,,,,,,,,,,,,,,,0,,,,,,,
,,,,,11,,,,,0,,,,,,,,,,,,,,AlexAhrens,,,,,,,2,,,,,,,,2,,,,,,,,,,,2,,,,,5,,,,,,,,,,1,,,,,,,0,,,,,,,
,,,,1,2,,,,,0,,,,,,,,,,,,,,harshitha-123,,,,,,,0,,,,,,,,,,,,,,,,,,,,,,,,1,,,,,,,,,,,,,,,,,0,,,,,,,
,,,,1,3,,,,,2,,,,,1,,,,,1,,,,Syrion89,,,,,,,5,,,,,,,,,,,,,,,,,,,,,,,,,,,,,,,,,,,,,,,,,9,,,,,,,
,,,,1,2,,,,,0,,,,,,,,,,,,,,Mubsone,,,,,,,0,,,,,,,,1,,,,,,,,,,,,,,,,,,,,,,,,,,,,,,,,,0,,,,,,,
,,,,,3,,,,,0,,,,,,,,,1,,,,,Mangouave,,,,,,,2,,,,,,,,1,,,,,,,,,,,,,,,,,,,,,,,,,,,,,,,,,0,,,,,,,
,,,,1,1,,,,,0,,,,,,,,,,,,,,Jelucas,,,,,,,1,,,,,,,,,,,,,,,,,,,,,,,,,,,,,,,,,,,,,,,,,0,,,,,,,
,,,,,2,,,,,0,,,,,,,,,,,1,,,rveleda,,,,,,,0,,,,,,,,,,,,,,,,,,,,,,,,,,,,,,,,,,1,,,,,,,2,,,,,,,
,,,,,3,,,,,0,,,,,,,,,,,,,,iftikhar95,,,,,,,0,,,,,,,,,,,,,,,,,,,,,,,,,,,,,,,,,,,,,,,,,0,,,,,,,
,,,,,1,,,,,0,,,,,,,,,,,,,,nitish26789,,,,,,,0,,,,,,,,,,,,,,,,,,,,,,,,,,,,,,,,,,,,,,,,,0,,,,,,,
,,,,,1,,,,,0,,,,,,,,,,,,,,povar7,,,,,,,0,,,,,,,,1,,,,,,,,,,,,,,,,,,,,,,,,,,,,,,,,,0,,,,,,,
,,,,,1,,,,,0,,,,,,,,,,,,,,cfouts,,,,,,,0,,,,,,,,,,,,,,,,,,,,,,,,,,,,,,,,,,,,,,,,,0,,,,,,,
,,,,1,7,,,,,0,,,,,,,,,,1,,,,chenhaha,,,,,,,1,,,,,,,,3,,,,,,,,,,,,,,,,,,,,,,,,,,,,1,,,,,1,,,,,,,
,,,,,1,,,,,0,,,,,,,,,,,,,,resource1011,,,,,,,0,,,,,,,,,,,,,,,,,,,,,,,,,,,,,,,,,,,,1,,,,,0,,,,,,,
,,,,,1,,,,,0,,,,,,,,,,,,,,ponsin,,,,1,,,2,,,,,,,,,,,,,,,,,,,,,,,,,,,,,,,,,,,,,,,,,7,,,,,,,
,,,,,1,,,,,0,,,,,,,,,,,,,,rmbarber,,,,,,,1,,,,,,,,,,,,,,,,,,,,,,,,,,,,,,,,,,,,,,,,,0,,,,,,,
,,,,,1,,,,,0,,,,,,,,,,1,,,,dda-boris-matusov,,,,,,,0,,,,,,,,,,,,,,,,,,,,,,,,,,,,,,,,,,,,,,,,,0,,,,,,,
,,,,,2,,,,,0,,,,,,,,,,,,,,Reddy9160219197,,,,,,,0,,,,,,,,,,,,,,,,,,,,,,,,,,,,,,,,,,,,,,,,,0,,,,,,,
,,,,,27,,,,,2,,1,,,1,,,,1,2,,,,Prashant-mahajan,,,,,,,24,,,,3,,,,11,,,,,,,,,7,,,,,,,,,,,,,,,,,,,1,,,,,49,,,,,,,
,,1,,2,49,,,1,,7,,,6,,,,,,4,1,2,,,zelmon64,,,,,,,14,,,,3,1,,,7,1,,,,,,,,,,,,,,,14,,,,,,,,,,2,,,,,2,,5,,,,,,,
,,,,1,1,,,,,0,,,,,,,,,,,,,,dshrewsberry,,,,,,,0,,,,,,,,,,,,,,,,,,,,,,,,,,,,,,,,,,,,,,,,,0,,,,,,,
,,,,,14,,,,,0,,,,,,,,,,3,,,,clearwriter,,,,,,,1,,,,,,,,,,,,,,,,,,,,,,,,,,,,,7,,,,,,,,,,,,0,,,,,,,
,,,,,2,,,,,0,,,1,,,,,,1,,,,,Nix177,,,,,,,0,,,,,,,,,,,,,,,,,,,,,,,,,,,,,,,,,,,,,,,,,0,,,,,,,
,,,,,1,,,,,0,,,,,,,,,,,,,,migostro,,,,,,,0,,,,,,,,,,,,,,,,,,,,,,,,,,,,,,,,,,,,,,,,,0,,,,,,,
,,,,,11,,,,,0,,,,,3,,,,,,,,,HumanInteractionVirtuallyEnhanced,,,,,,,0,,,,,4,,,3,,,,,,,,,,,,,,,,,,,,,,,,,,1,,,,,,,0,,,,,,,
,,,,,11,,,,,0,,,,,3,,,,,,,,,HumanInteractionVirtuallyEnhanced,,,,,,,0,,,,,4,,,3,,,,,,,,,,,,,,,,,,,,,,,,,,1,,,,,,,0,,,,,,,
,,,,,2,,,,,0,,,,,,,,,,1,,,,embolae,,,,,,,0,,,,,,,,,,,,,,,,,,,,,,,,,,,,,,,,,,,,,,,,,0,,,,,,,
,,,,,2,,,,,0,1,,,,,,,,,1,,,,eramey212,,,,,,,0,,,,,,,,,,,,,,,,,,,,,,,,,,,,,,,,,,,,,,,,,0,,,,,,,
,,,,,3,,,,,0,,,,,,,,,,,,,,CyberDreamer,,,,,,,0,,,,,,,,3,,,,,,,,,,,,,,,,,,,,,,,,,,,,,,,,,2,,,,,,,
,,,,,4,,,,,0,,,,,,,,,,,,,,vhad500,,,,,,,0,,,,,,,,,,,,,,,,,,,,,,,,1,,,,,,,,,,1,,2,,,,,1,,,,,,,
,,,,,20,,,,,1,,,,,,,,,,,,,,OlgaMyazina,,,,,,,1,,,,,,,,2,3,,,,,,,,,,,,,,,,,,,,,,,,,8,,1,,,,,0,,,,,,,
,,,,,12,,,,,0,,,,,,,,,,3,,,,dashyta,,,,,,,1,,,,,,,,,,,,,,,,,,,,,,,,,,,,,,,,,,,,7,,,,,2,,,,,,,
,,,,,2,,,,,0,,,,,,,,,,,,,,glengeraghty88,,,,,,,0,,,,,,,,1,,,,,,,,,,,,,,,,,,,,,,,,,,,,,,,,,1,,,,,,,
,,,,,2,,,,,0,,,,,,,,,,,,,,rphadke,,,,,,,0,,,,,,,,1,,,,,,,,,,,,,,,,,,,,,,,,,,,,,,,,,0,,,,,,,
,,,,,4,,,,,2,,,,,,,,,,1,,,,physteo,,,,,,,2,,,,,,,,,,,,,,,,,,,,,,,,2,,,,,,,,,,,,,,,,,2,,,,,,,
,,,,,4,,,,,8,,,,,,,,,,,,,,seanyi0918,,,,,,,3,,,,,,,,,,,,,,,,,,,,,,,,2,,,,,2,,,,,,,,,,,,0,,,,,,,
,,,,,3,,,,,0,,,1,,,,,,,,,,,ZotBuster,,,,,,,0,,,,,,,,,,,,,,,,,,,,,,,,,,,,,,,,,,,,,,,,,0,,,,,,,
,,,,4,6,,,,,1,,,,,,,,,,,,,,masteryodo,,,,,,,2,,,,,,,,,,,,,,,,,,,,,,,,,,,,,,,,,,,,,,,,,0,,,,,,,
,,,,,4,,,,,0,,,,,,,,,,,,,,shannonduffy,,,,,,,0,,,,,,,,2,,,,,,,,,,,,,,,,,,,,,,,,,,,,,,,,,0,,,,,,,
,,,,,1,,,,,0,,,,,,,,,,,,,,acharlynn,,,,,,,0,,,,,,,,,,,,,,,,,,,,,,,,,,,,,,,,,,,,,,,,,0,,,,,,,
,,,,,1,,,,,0,,,,,,,,,,,,,,brinkka,,,,,,,0,,,,,,,,,,,,,,,,,,,,,,,,,,,,,,,,,,,,,,,,,0,,,,,,,
,,,,,1,,,,,0,,,,,,,,,,,,,,temple102,,,,,,,0,,,,,,,,,,,,,,,,,,,,,,,,,,,,,,,,,,,,,,,,,0,,,,,,,
,,,,,1,,,,,0,,,,,,,,,,,,,,ukanage,,,,,,,0,,,,,,,,,,,,,,,,,,,,,,,,,,,,,,,,,,,,,,,,,0,,,,,,,
,,,,,1,,,,,0,,,,,,,,,,,,,,tycollins7200,,,,,,,0,,,,,,,,,,,,,,,,,,,,,,,,,,,,,,,,,,,,,,,,,0,,,,,,,
,,,,,1,,,,,0,,,,,,,,,,,,,,kristofrutten,,,,,,,0,,,,,,,,,,,,,,,,,,,,,,,,,,,,,,,,,,,,,,,,,0,,,,,,,
,,,,,2,,,,,0,,,,,,,,,,1,,,,barbaramackay,,,,,,,0,,,,,,,,,,,,,,,,,,,,,,,,,,,,,,,,,,,,,,,,,0,,,,,,,
,,,,,6,,,,,0,,,,,,,,,,,,,,alexalvim,,,,,,,2,,,,,,,,,,,,,,,,,,,,,,,,,,,,,,,,,,6,,,,,,,0,,,,,,,
,,,,,2,,,,,0,,,,,,,,,2,,,,,Chappy26,,,,,,,0,,,,,,,,,,,,,,,,,,,,,,,,,,,,,,,,,,,,,,,,,2,,,,,,,
,,,,,3,,,,,0,,,,,,,,,,1,,,,Cyclone64,,,,,,,0,,,,,,,,,,,,,,,,,,,,,,,,,,,,,,,,,,,,,,,,,0,,,,,,,
,,,,,1,,,,,0,,,,,,,,,,,,,,ElenaMeRo,,,,,,,0,,,,,,,,,,,,,,,,,,,,,,,,,,,,,,,,,,,,,,,,,0,,,,,,,
,,,,,1,,,,,0,,,,,,,,,,,,,,HasSnubsBeenPwned,,,,,,,0,,,,,,,,,,,,,,,,,,,,,,,,,,,,,,,,,,,,,,,,,0,,,,,,,
,,,,4,5,,,,,0,,,,,,,,,,,,,,MatoV,,,,,,,0,,,,,,,,,,,,,,1,,,,,,,,,,,,,,,,,,,,,,,,,,,0,,,,,,,
,,,,,3,,,,,0,,,,,,,,,,1,,,,nagmash,,,,,,,0,,,,,,,,,,,,,,,,,,,,,,,,,,,,,,,,,,,,,,,,,0,,,,,,,
,,,,,3,,,,,0,,,,,,,,,,,,,,lmcilrath,,,,,,,0,,,,,,,,,,,,,,,,,,,,,,,,,,,,,,,,,,,,,,,,,0,,,,,,,
,,,,,3,,,,,0,,,,,,,,,,1,,,,DiscardAccount4321,,,,,,,0,,,,,,,,,,,,,,,,,,,,,,,,,,,,,,,,,,,,,,,,,0,,,,,,,
,,,,,1,,,,,0,,,,,,,,,,,,,,dianafl1,,,,,,,0,,,,,,,,,,,,,,,,,,,,,,,,,,,,,,,,,,,,,,,,,0,,,,,,,
,,,,,3,,,,,0,,,,,,,,,,1,,,,chanys,,,,,,,0,,,,,,,,,,,,,,,,,,,,,,,,,,,,,,,,,,,,,,,,,0,,,,,,,
,,,,,1,,,,,0,,,,,,,,,,,,,,prozokti,,,,,,,0,,,,,,,,,,,,,,,,,,,,,,,,,,,,,,,,,,1,,,,,,,0,,,,,,,
,,,,1,13,,,,,0,,,,,,,,,,1,,,,JPabloSA,,,,,,,1,,,,,,,,,,,,,,,,,,,,,,,,,,,,,,,,,,1,,2,,,,,7,,,,,,,
,,,,,2,,,,,0,,,,,,,,,,,,,,t2bnguyen,,,,,,,0,,,,,,,,,,,,,,,,,,,,,,,,,,,,,,,,,,1,,,,,,,0,,,,,,,
,,,,3,7,,,,,0,,,,,,,,,,,,,,yakutcv,,,,,,,1,,,,,,,,,,,,,,,,,,,,,,,,,,,,,,,,,,4,,,,,,,0,,,,,,,
,,,,,1,,,,,0,,,,,,,,,,,,,,MichaelHillChamplain,,,,,,,0,,,,,,,,,,,,,,,,,,,,,,,,,,,,,,,,,,,,,,,,,0,,,,,,,
,,,,,2,,,,,0,,,,,,,,,2,,,,,Rasier,,,,,,,0,,,,,,,,,,,,,,,,,,,,,,,,,,,,,,,,,,,,,,,,,1,,,,,,,
,,,,7,8,,,,,4,,,,,,,,,,,,,,tiagoseibel,,,,,,,21,,,,,,,,,,,,,,,,,,,,,,,,,,,,,,,,,,,,,,,,,0,,,,,,,
,,,,,1,,,,,0,,,,,,,,,1,,,,,itsnaseer,,,,,,,0,,,,,,,,,,,,,,,,,,,,,,,,,,,,,,,,,,,,,,,,,0,,,,,,,
,,,,,2,,,,,0,,,,,,,,,,,,,,andrewtrott,,,,,,,0,,,,,,,,1,,,,,,,,1,,,,,,,,,,,,,,,,,,,,,,,,,1,,,,,,,
,,,,,1,,,,,0,,,,,,,,,,,,,,audreydc,,,,,,,0,,,,,,,,,,,,,,,,,,,,,,,,,,,,,,,,,,,,,,,,,0,,,,,,,
,,,,,4,,,,,0,,,,,,,,,,,,,,danilosantiago,,,,,,,3,,,,,,,,2,,,,,,,,,,,,,,,,,,,,,,,,,,,,,,,,,74,,,,,,,
,,,,2,3,,,,,0,,,,,,,,,,,,,,eduriver,,,,,,,0,,,,,,,,,,,,,,,,,,,,,,,,,,,,,,,,,,,,,,,,,0,,,,,,,
,,,,1,11,,,,,2,,,,,,,,,,,,,,stefanaerospace,,,,,,,0,,,,,,,,2,,,,,,,,,,,,,1,,,3,,,,,,,,,,,,,,,,,1,,,1,,,,
,,,,,1,,,,,0,,,,,,,,,,,,,,wesFargo,,,,,,,0,,,,,,,,,,,,,,,,,,,,,,,,,,,,,,,,,,,,1,,,,,0,,,,,,,
,,,,,1,,,,,0,,,,,,,,,,,,,,Mckeel7017,,,,,,,0,,,,,,,,,,,,,,,,,,,,,,,,,,,,,,,,,,,,,,,,,0,,,,,,,
,,,,,26,,,,,0,,,,,,,,,,,,,,CourtneyHayden,,,,,,,0,,,,,,,,,,,,,,,,,,,,,,,,,,,,,,,,,,,,,,,,,0,,,,,,,
,,,,,3,,,,,0,,,,,,,,,,,,,,huangjxds,,,,,,,0,,,,1,2,,,,,,,,,,,,,,,,,,,,,,,,,,,,,,,,,,,,1,,,,,,,
,,,,,2,,,,,0,,,,,,,,,1,,,,,TO-AL,,,,,,,0,,,,,,,,,,,,,,,,,,,,,,,,,,,,,,,,,,,,,,,,,0,,,,,,,
,,,,,7,,,,,0,,,,,,,,,,1,,,,mgarekar,,,,,,,0,,,,,,,,3,,,,1,,,,,,,,,1,,,,,,,,,,,,,,,,,,,,0,,,,,,,
,,,,2,2,,,,,0,,,,,,,,,,,,,,verVasinova,,,,,,,0,,,,,,,,,,,,,,,,,,,,,,,,,,,,,,,,,,,,,,,,,0,,,,,,,
,,,,,1,,,,,0,,,,,,,,,,,,,,kozlodoj,,,,,,,0,,,,,,,,,,,,,,,,,,,,,,,,,,,,,,,,,,,,,,,,,0,,,,,,,
,,,,2,3,,,,,0,,,,,,,,,,,,,,siman625,,,,,,,0,,,,,,,,,,,,,,,,,,,,,,,,,,,,,,,,,,,,,,,,,0,,,,,,,
,,,,1,1,,,,,0,,,,,,,,,,,,,,maksuten,,,,,,,1,,,,,,,,,,,,,,,,,,,,,,,,,,,,,,,,,,,,,,,,,0,,,,,,,
,,,,,2,,,,,0,,,,,,,,,,1,,,,waisel,,,,,,,0,,,,,,,,,,,,,,,,,,,,,,,,,,,,,,,,,,,,,,,,,0,,,,,,,
,,,,,23,,,,,0,,,,,,,,,,,,,,WilliamsBenton,,,,,,,0,,,,,,,,,,,,,,,,,,,,,,,,,,,,,,,,,,,,,,,,,0,,,,,,,
,,,,,23,,,,,0,,,,,,,,,,,,,,WilliamsBenton,,,,,,,0,,,,,,,,,,,,,,,,,,,,,,,,,,,,,,,,,,,,,,,,,0,,,,,,,
,,,,,1,,,,,0,,,,,,,,,,,,,,CaptainBlaubaer13,,,,,,,0,,,,,,,,,,,,,,,,,,,,,,,,,,,,,,,,,,,,,,,,,0,,,,,,,
,,,,,2,,,,,0,,,,,,,,,,,,,,PrageetPathak,,,,,,,0,,,2,,,,,,,,,,,,,,,,,,,,,,,,,,,,,,,,,,,,,,0,,,,,,,
,,,,,2,,,,,0,,,,,,,,,,,,,,maximillyan,,,,,,,0,,,,,,,,,,,,,,,,,,,,,,,,,,,,,,,,,,,,,,,,,0,,,,,,,
,,,,,1,,,,,0,,,,,,,,,,,,,,isiah-dogstar,,,,,,,0,,,,,,,,,,,,,,,,,,,,,,,,,,,,,,,,,,,,,,,,,0,,,,,,,
,,,,,2,,,,,0,,,,,,,,,,,,,,changliu0,,,,,,,0,,,,,,,,1,,,,,,,,,,,,,,,,,,,,,,,,,,,,,,,,,0,,,,,,,
,,,,,15,,,,,0,,,10,,,,,,,,,,,knyazkov-ma,,,,,,,0,,,,,,,,,,,,,,,,,,,,,,,,,,,,,,,,,,4,,,,,,,0,,,,,,,
,,,,,4,,,,,0,,,1,,,,,,,,,,,tanvirhussain,,,,,,,2,,,,,,,,,,,,,,,,,,,,,,,,,,,,,,,,,,,,,,,,,0,,,,,,,
,,,,,1,,,,,0,,,,,,,,,,,,,,VitorSantos99,,,,,,,0,,,,,,,,,,,,,,,,,,,,,,,,,,,,,,,,,,,,,,,,,0,,,,,,,
,,,,,1,,,,,0,,,,,,,,,,,,,,DarrienTestOrg1,,,,,,,0,,,,,,,,,,,,,,,,,,,,,,,,,,,,,,,,,,,,,,,,,0,,,,,,,
,,,,,3,,,,,0,,,,,,,,,,1,,,,syedkashifraza,,,,,,,0,,,,,,,,,,,,,,,,,,,,,,,,,,,,,,,,,,1,,,,,,,0,,,,,,,
,,,,,3,,,,,0,,,,,,,,,1,1,,,,arjemma,,,,,,,0,,,,,,,,,,,,,,,,,,,,,,,,,,,,,,,,,,1,,,,,,,0,,,,,,,
,,,,,4,,,,,0,,,,,,,,,,,1,,,dohne12,,,,,,,1,,,,,,,,,,,,,,,,,,,,,,,,,,,,,,,,,,3,,,,,,,0,,,,,,,
,,,,,1,,,,,0,,,,,,,,,,,,,,Unis13,,,,,,,0,,,,,,,,,,,,,,,,,,,,,,,,1,,,,,,,,,,,,,,,,,0,,,,,,,
,,,,5,18,,,,,1,,,,,,,,,1,2,,,,Pavaev,,,,,,,4,,,,,,,,3,,,,,,,,1,,,,,,,,,,,,,,,,,,3,,,,,,,3,,,,,,,
,,,,,2,,,,,0,,,,,,,,,,,,,,WaukeeIMDAPEX,,,,,,,0,,,,,,,,,,,,,,,,,,,,,,,,,,,,,,,,,,,,,,,,,0,,,,,,,
,,,,,24,,,,,0,,,,,,,,,,,,,,TessaMccormick,,,,,,,0,,,,,,,,,,,,,,,,,,,,,,,,,,,,,,,,,,,,,,,,,0,,,,,,,
,,,,,1,,,1,,0,,,,,,,,,,,,,,ArronLuker,,,,,,,0,,,,,,,,,,,,,,,,,,,,,,,,,,,,,,,,,,,,,,,,,0,,,,,,,
,,,,,1,,,,,0,,,,,,,,,,,,,,chainthon,,,,,,,0,,,,,,,,,,,,,,,,,,,,,,,,,,,,,,,,,,,,1,,,,,0,,,,,,,
,,,,,13,,,,,0,,,,,,,,,,3,,,,roberthaney,,,,,,,3,,,,,,,,1,,,,,,,,,,,,,,,,,,,,,,,,,,7,,,,,,,1,,,,,,,
,,,,,4,,,,,0,,,,,,,,,,,,,,dml309,,,,,,,0,,,,,,,,,,,,,,,,,,,,,,,,,,,,,2,,,,,,,,,,,,0,,,,,,,
,,,,,2,,,,,0,,,1,,,,,,,,,,,photokey,,,,,,,0,,,,,,,,,,,,,,,,,,,,,,,,,,,,,,,,,,,,,,,,,0,,,,,,,
,,,,,22,,,,,0,,,,,,,,,,,,,,LeslieBarr,,,,,,,0,,,,,,,,,,,,,,,,,,,,,,,,,,,,,,,,,,,,,,,,,0,,,,,,,
,,,,,1,,,,,1,,,,,,,,,,,,,,aboutteknet,,,,,,,0,,,,,,,,,,,,,,,,,,,,,,,,,,,,,,,,,,,,,,,,,0,,,,,,,
,,,,,20,,,,,0,,,,,,,,,,,,,,PamChristian,,,,,,,0,,,,,,,,,,,,,,,,,,,,,,,,,,,,,,,,,,,,,,,,,0,,,,,,,
,,,,,1,,,,,0,,,,,,,,,,,1,,,thecatdude,,,,,,,0,,,,,,,,,,,,,,,,,,,,,,,,,,,,,,,,,,,,,,,,,0,,,,,,,
,,,,,3,,,,,0,,,,,,,,,,,,,,Mikasa93,,,,,,,0,,,,,,,,,,,,,,,,,,,,,,,,,,,,,,,,,,,,,,,,,1,,,,,,,
,,,,,1,,,,,0,,,,,,,,,,,,,,sitandrelax,,,,,,,1,,,,,,,,,,,,,,,,,,,,,,,,,,,,,,,,,,,,,,,,,0,,,,,,,
,,,,2,2,,,,,0,,,,,,,,,,,,,,rogers2894,,,,,,,1,,,,,,,,,,,,,,,,,,,,,,,,,,,,,,,,,,,,,,,,,0,,,,,,,
,,,,,25,,,,,0,,,,,,,,,,,,,,HallieMendoza,,,,,,,1,,,,,,,,,,,,,,,,,,,,,,,,,,,,,,,,,,,,,,,,,0,,,,,,,
,,,,,2,,,,,0,,,,,,,,,,1,,,,mibarizt,,,,,,,1,,,,,,,,,,,,,,,,,,,,,,,,,,,,,,,,,,,,,,,,,2,,,,,,,
,,,,24,35,,,,,1,,,,,2,,,,,4,,,,borjapastorgarcia,,,,,,,5,,,,,1,,2,1,,,,,,,,,,,,,,,,,,,,,,,,,,,,,,,,,13,1,,,,,,
,,,,,5,,,,,0,,,,,,,,,,,,,,falcon9111,,,,,,,1,,,,,,,,,,,,,,,,,,,,,,,,,,,,,,,,,,,,,,,,,0,,,,,,,
,,,,,29,,,,,0,,,,,,,,,,,,,,JeromeSpencer,,,,,,,1,,,,,,,,,,,,,,,,,,,,,,,,,,,,,,,,,,,,,,,,,0,,,,,,,
,,,,,3,,,,,0,,,1,,,,,,,1,,,,arturcorrea,,,,,,,3,,,,,,,,,,,,,,,,,,,,,,,,,,,,,,,,,,,,,,,,,2,,,,,,,
,,,,4,6,,,,,0,,,,,,,,,,,,,,vikranthirpara,,,,,,,1,,,,,,,,,,,,,,,,,,,,,,,,,,,,,,,,,,,,,,,,,2,,,,,,,
,,,,4,4,,,,,0,,,,,,,,,,,,,,JuanGer92,,,,,,,2,,,,,,,,,,,,,,,,,,,,,,,,,,,,,,,,,,,,,,,,,0,,,,,,,
,,,,,1,,,,,0,,,,,,,,,,1,,,,yvincentx,,,,,,,1,,,,,,,,,,,,,,,,,,,,,,,,,,,,,,,,,,,,,,,,,0,,,,,,,
,,,,,29,,,,,0,,,,,,,,,,,,,,MargaritaFloyd,,,,,,,1,,,,,,,,,,,,,,,,,,,,,,,,,,,,,,,,,,,,,,,,,0,,,,,,,
,,,,,4,,,,,0,,,,,,,,,,,1,,,ashish02071994,,,,,,,1,,,,1,,,,,,,,,,,,,,,,,,,,,,,,,,,,,,2,,,,,,,1,,,,,,,
,,,,,5,,,,,0,,,,,,,,,,,,,,ronslocum,,,,,,,3,,,,,,,,,,,,,,,,4,,,,,,,,,,,,,,,,,,,,,,,,,4,,,,,,,
,,,,,37,,,,,1,,,,,,,,,,2,1,,,mjenrungrot,,,,,,,13,,,,2,,,,6,,,,,,4,,1,10,,,,,,,3,,,,,,,,,,4,,1,,,,,8,,,,,,,
,,,,,6,,,,,0,,,,,,,,,,1,,,,oguzgultepe,,,,,,,2,,,,,,,,1,,,,,,,,,1,,,,,,,1,,,,,,,,,,,,2,,,,,1,,,,,,,
,,,,,2,,,,,0,,,,,,,,,,,,,,djwouter12,,,,,,,1,,,,,,,,,,,,,,,,,,,,,,,,1,,,,,,,,,,,,,,,,,0,,,,,,,
,,,,1,1,,,,,0,,,,,,,,,,,,,,kiter1138,,,,,,,2,,,,,,,,,,,,,,,,,,,,,,,,,,,,,,,,,,,,,,,,,1,,,,,,,
,,,,,27,,,,,0,,,,,,,,,,,,,,SantosGay,,,,,,,1,,,,,,,,,,,,,,,,,,,,,,,,,,,,,,,,,,,,,,,,,0,,,,,,,
,,,,1,1,,,,,0,,,,,,,,,,,,,,deathcubek1991,,,,,,,2,,,,,,,,,,,,,,,,,,,,,,,,,,,,,,,,,,,,,,,,,1,,,,,,,
,,,,,2,,,,,0,,,,,,,,,,,,,,psyxoff,,,,,,,1,,,,,,,,,,,,,,,,,,,,,,,,,,,,,,,,,,,,,,,,,0,,,,,,,
,,,,,1,,,,,0,,,,,,,,,,,,,,lalchandghasal,,,,,,,1,,,,,,,,,,,,,,,,,,,,,,,,,,,,,,,,,,,,,,,,,0,,,,,,,
,,,,,2,,,,,0,,,,,,,,,1,,,,,v-lavrenko,,,,,,,4,,,,,,,,,,,,,,,,,,,,,,,,,,,,,,,,,,,,,,,,,0,,,,,,,
,,,,,3,,,,,0,,,,,,,,,,,,,,JuanFrias,,,,,,,1,,,,,,,,1,,,,,,,,,,,,,,,,,,,,,,,,,,,,,,,,,0,,,,,,,
,,,,,1,,,,,0,,,,,,,,,,,,,,kporenta,,,,,,,1,,,,,,,,1,,,,,,,,,,,,,,,,,,,,,,,,,,,,,,,,,0,,,,,,,
,,,,5,16,,,,,0,,,,,,,,,,,,,,LucasOAlves,,,,,,,2,,,,,,,,1,5,,,,,,,,,,,,,,,,,,,,,,,,,2,,,,,,,3,,,,,,,
,,,,2,3,,,,,0,,,,,,,,,,,,,,peterwebsite,,,,,,,1,,,,,,,,,,,,,,,,,,,,,,,,,,,,,,,,,,,,,,,,,0,,,,,,,
